-- MariaDB dump 10.19  Distrib 10.4.32-MariaDB, for Win64 (AMD64)
--
-- Host: localhost    Database: swu
-- ------------------------------------------------------
-- Server version	10.4.32-MariaDB

/*!40101 SET @OLD_CHARACTER_SET_CLIENT=@@CHARACTER_SET_CLIENT */;
/*!40101 SET @OLD_CHARACTER_SET_RESULTS=@@CHARACTER_SET_RESULTS */;
/*!40101 SET @OLD_COLLATION_CONNECTION=@@COLLATION_CONNECTION */;
/*!40101 SET NAMES utf8mb4 */;
/*!40103 SET @OLD_TIME_ZONE=@@TIME_ZONE */;
/*!40103 SET TIME_ZONE='+00:00' */;
/*!40014 SET @OLD_UNIQUE_CHECKS=@@UNIQUE_CHECKS, UNIQUE_CHECKS=0 */;
/*!40014 SET @OLD_FOREIGN_KEY_CHECKS=@@FOREIGN_KEY_CHECKS, FOREIGN_KEY_CHECKS=0 */;
/*!40101 SET @OLD_SQL_MODE=@@SQL_MODE, SQL_MODE='NO_AUTO_VALUE_ON_ZERO' */;
/*!40111 SET @OLD_SQL_NOTES=@@SQL_NOTES, SQL_NOTES=0 */;

--
-- Table structure for table `department`
--

DROP TABLE IF EXISTS `department`;
/*!40101 SET @saved_cs_client     = @@character_set_client */;
/*!40101 SET character_set_client = utf8 */;
CREATE TABLE `department` (
  `idx` int(11) NOT NULL AUTO_INCREMENT,
  `name` varchar(100) DEFAULT NULL,
  PRIMARY KEY (`idx`)
) ENGINE=InnoDB AUTO_INCREMENT=7 DEFAULT CHARSET=utf8mb4 COLLATE=utf8mb4_general_ci;
/*!40101 SET character_set_client = @saved_cs_client */;

--
-- Dumping data for table `department`
--

LOCK TABLES `department` WRITE;
/*!40000 ALTER TABLE `department` DISABLE KEYS */;
INSERT INTO `department` VALUES (1,'컴퓨터'),(2,'전기'),(3,'전자'),(5,'금속'),(6,'환경');
/*!40000 ALTER TABLE `department` ENABLE KEYS */;
UNLOCK TABLES;

--
-- Table structure for table `dept`
--

DROP TABLE IF EXISTS `dept`;
/*!40101 SET @saved_cs_client     = @@character_set_client */;
/*!40101 SET character_set_client = utf8 */;
CREATE TABLE `dept` (
  `idx` int(11) NOT NULL AUTO_INCREMENT,
  `name` varchar(30) DEFAULT NULL,
  `major` varchar(30) DEFAULT NULL,
  `age` int(11) DEFAULT 20,
  PRIMARY KEY (`idx`)
) ENGINE=InnoDB AUTO_INCREMENT=30 DEFAULT CHARSET=utf8mb4 COLLATE=utf8mb4_general_ci;
/*!40101 SET character_set_client = @saved_cs_client */;

--
-- Dumping data for table `dept`
--

LOCK TABLES `dept` WRITE;
/*!40000 ALTER TABLE `dept` DISABLE KEYS */;
INSERT INTO `dept` VALUES (1,'이순신','전기',23),(2,'세종대왕','전자',22),(3,'안중근','환경',23),(4,'장영실','전자',20),(5,'김구','환경',23),(6,'유관순','환경',23),(7,'이성계','전자',21),(8,'강감찬','전기',25),(9,'박지성','전기',20),(10,'이방원','전자',23),(11,'을지문덕','환경',24),(12,'김유신','컴퓨터',23),(13,'윤봉길','전자',22),(14,'신사임당','기계',25),(15,'정약용','컴퓨터',21),(16,'허준','전자',20),(17,'최영','전기',25),(18,'이황','전자',21),(19,'이순신','전기',21),(20,'세종대왕','전기',23),(21,'안중근','환경',21),(22,'장영실','전자',21),(23,'김구','환경',24),(24,'유관순','컴퓨터',21),(25,'이성계','환경',23),(26,'강감찬','기계',23),(27,'박지성','전자',25),(28,'이방원','컴퓨터',24),(29,'을지문덕','기계',21);
/*!40000 ALTER TABLE `dept` ENABLE KEYS */;
UNLOCK TABLES;

--
-- Table structure for table `employee`
--

DROP TABLE IF EXISTS `employee`;
/*!40101 SET @saved_cs_client     = @@character_set_client */;
/*!40101 SET character_set_client = utf8 */;
CREATE TABLE `employee` (
  `idx` int(11) NOT NULL AUTO_INCREMENT,
  `name` varchar(20) DEFAULT NULL,
  `didx` int(11) DEFAULT NULL,
  PRIMARY KEY (`idx`),
  KEY `didx` (`didx`),
  CONSTRAINT `employee_ibfk_1` FOREIGN KEY (`didx`) REFERENCES `department` (`idx`) ON DELETE CASCADE
) ENGINE=InnoDB AUTO_INCREMENT=19 DEFAULT CHARSET=utf8mb4 COLLATE=utf8mb4_general_ci;
/*!40101 SET character_set_client = @saved_cs_client */;

--
-- Dumping data for table `employee`
--

LOCK TABLES `employee` WRITE;
/*!40000 ALTER TABLE `employee` DISABLE KEYS */;
INSERT INTO `employee` VALUES (1,'이순신',1),(2,'세종대왕',1),(3,'안중근',1),(4,'장영실',2),(5,'김구',2),(6,'유관순',2),(7,'이성계',3),(8,'강감찬',3),(9,'박지성',3),(13,'윤봉길',5),(14,'신사임당',5),(15,'정약용',5),(16,'허준',6),(17,'최영',6),(18,'이황',6);
/*!40000 ALTER TABLE `employee` ENABLE KEYS */;
UNLOCK TABLES;

--
-- Table structure for table `fake_table`
--

DROP TABLE IF EXISTS `fake_table`;
/*!40101 SET @saved_cs_client     = @@character_set_client */;
/*!40101 SET character_set_client = utf8 */;
CREATE TABLE `fake_table` (
  `idx` int(10) NOT NULL AUTO_INCREMENT,
  `name` char(30) NOT NULL,
  `birth` date DEFAULT NULL,
  `age` int(11) DEFAULT NULL,
  PRIMARY KEY (`idx`)
) ENGINE=InnoDB AUTO_INCREMENT=1001 DEFAULT CHARSET=utf8mb4 COLLATE=utf8mb4_general_ci;
/*!40101 SET character_set_client = @saved_cs_client */;

--
-- Dumping data for table `fake_table`
--

LOCK TABLES `fake_table` WRITE;
/*!40000 ALTER TABLE `fake_table` DISABLE KEYS */;
INSERT INTO `fake_table` VALUES (1,'안경완','2022-07-04',2),(2,'사마완우','2020-03-28',4),(3,'김상철','1998-05-27',26),(4,'심순국','1997-09-14',27),(5,'조완우','1989-12-05',35),(6,'신진하','1979-03-23',45),(7,'하재현','1983-06-14',41),(8,'심선하','2014-02-09',10),(9,'노라민희','2021-06-15',3),(10,'김동포','2012-09-21',12),(11,'독고경우','2019-02-12',5),(12,'박태미','2004-03-03',20),(13,'손종나','2001-07-13',23),(14,'성혁수','2022-10-23',2),(15,'유혁민','1985-04-23',39),(16,'박옥철','1993-09-07',31),(17,'윤기림','1972-02-28',52),(18,'독고종길','1991-02-25',33),(19,'양효우','2006-04-18',18),(20,'이경현','2004-04-05',20),(21,'심정근','2002-12-04',22),(22,'정무섭','1991-11-01',33),(23,'양재근','1999-11-13',25),(24,'김상현','1986-12-20',38),(25,'민재은','1982-03-22',42),(26,'권인우','2000-12-28',24),(27,'하혜하','1994-12-16',30),(28,'김지은','2015-03-16',9),(29,'성기애','2006-07-12',18),(30,'류윤구','2004-08-27',20),(31,'선우혜하','1993-08-26',31),(32,'박옥민','1994-09-18',30),(33,'구상환','2019-08-08',5),(34,'차희하','2011-06-11',13),(35,'박근선','2000-02-28',24),(36,'우선랑','2003-07-24',21),(37,'사마시하','1979-03-20',45),(38,'정재영','1981-08-25',43),(39,'최혜훈','1999-09-12',25),(40,'남재의','1992-04-16',32),(41,'박정완','1981-10-12',43),(42,'정영근','1975-06-17',49),(43,'문희홍','2007-02-17',17),(44,'김진수','1993-02-27',31),(45,'염경철','1976-04-25',48),(46,'정상은','2022-07-01',2),(47,'양창림','1991-03-08',33),(48,'남택영','2023-09-16',1),(49,'정시미','1986-10-05',38),(50,'윤영일','2007-10-05',17),(51,'엄혁영','1990-09-05',34),(52,'성경규','1983-05-22',41),(53,'최혁하','2001-02-17',23),(54,'심선종','1979-11-14',45),(55,'하상은','1971-07-14',53),(56,'류근완','2007-11-04',17),(57,'염옥훈','1974-06-11',50),(58,'차혁호','1992-11-26',32),(59,'진옥희','2022-08-26',2),(60,'이종우','1997-03-20',27),(61,'심혜미','1986-08-08',38),(62,'나성숙','2020-01-27',4),(63,'손석수','2007-10-19',17),(64,'심우한','1999-09-13',25),(65,'서종은','1998-06-05',26),(66,'조무우','1971-03-11',53),(67,'이형포','1990-02-07',34),(68,'이진포','1986-05-15',38),(69,'김진주','2015-11-11',9),(70,'우정주','1971-11-23',53),(71,'진종길','2013-12-26',11),(72,'송수포','1993-05-05',31),(73,'손무하','1986-11-01',38),(74,'하선영','1995-10-01',29),(75,'임재구','1971-07-24',53),(76,'최정구','1974-12-05',50),(77,'송택일','2006-03-11',18),(78,'박정미','1974-02-19',50),(79,'김민훈','2004-09-15',20),(80,'독고영수','2019-11-28',5),(81,'최진일','1995-12-22',29),(82,'손희한','2000-12-15',24),(83,'봉택훈','2009-08-21',15),(84,'안성영','2003-01-15',21),(85,'마기민','1978-12-19',46),(86,'노라홍선','2015-12-19',9),(87,'임우석','1971-01-12',53),(88,'류형환','1987-08-08',37),(89,'박주호','2010-05-15',14),(90,'구호국','2002-03-14',22),(91,'안지완','2004-11-16',20),(92,'엄태하','1970-01-10',54),(93,'곽지영','1970-09-24',54),(94,'차옥구','2018-02-06',6),(95,'서윤석','1985-01-18',39),(96,'임해용','2012-10-16',12),(97,'최영홍','2010-02-14',14),(98,'손성의','1984-03-04',40),(99,'남호미','2000-01-14',24),(100,'마경태','2014-05-25',10),(101,'신효미','1975-03-13',49),(102,'최택은','1993-05-28',31),(103,'노라호희','1990-02-03',34),(104,'독고충한','1975-06-06',49),(105,'강지훈','2017-07-25',7),(106,'이희구','2009-05-03',15),(107,'강효조','2011-03-13',13),(108,'정수희','2009-01-13',15),(109,'송희태','2002-05-12',22),(110,'독고인석','2023-07-08',1),(111,'우지호','2017-08-09',7),(112,'하태훈','2000-12-23',24),(113,'독고경희','1972-10-04',52),(114,'진응성','2015-02-10',9),(115,'노라기나','1990-10-26',34),(116,'한본홍','1972-08-14',52),(117,'강상랑','2016-07-18',8),(118,'진계진','2011-01-19',13),(119,'나옥숙','2000-09-04',24),(120,'차시현','1990-06-20',34),(121,'유해석','1975-02-03',49),(122,'한충훈','2010-02-03',14),(123,'송기섭','1992-07-18',32),(124,'임재숙','1999-02-11',25),(125,'선우창수','1988-09-15',36),(126,'최석애','1993-01-06',31),(127,'김형현','2003-09-23',21),(128,'김기환','1987-04-26',37),(129,'민재희','1979-03-17',45),(130,'강무숙','2004-05-24',20),(131,'안근국','2002-03-05',22),(132,'권경훈','1979-05-12',45),(133,'성선길','1978-11-03',46),(134,'하형수','2004-11-23',20),(135,'하병진','2012-07-10',12),(136,'진경주','1983-02-24',41),(137,'류우길','2003-04-15',21),(138,'문경완','2010-06-08',14),(139,'구지한','2012-04-05',12),(140,'송홍태','1983-07-17',41),(141,'우계수','1981-08-24',43),(142,'성해진','1996-02-27',28),(143,'봉선우','2018-05-17',6),(144,'김진선','1996-05-28',28),(145,'조시훈','2022-08-12',2),(146,'사마상미','2008-06-08',16),(147,'유옥란','2009-05-01',15),(148,'봉선근','2014-11-20',10),(149,'강진하','1989-07-05',35),(150,'손충구','1990-07-27',34),(151,'선우인조','1998-07-28',26),(152,'정옥영','1999-10-25',25),(153,'정홍식','2004-01-07',20),(154,'박재임','1970-07-12',54),(155,'사마형환','1993-05-13',31),(156,'차응근','1974-10-13',50),(157,'신동은','1973-04-12',51),(158,'민본영','2003-01-18',21),(159,'류석미','2022-02-12',2),(160,'신현포','1983-12-22',41),(161,'김영우','2003-10-19',21),(162,'조혁훈','1990-10-09',34),(163,'조다희','1985-05-24',39),(164,'정경환','2004-06-15',20),(165,'고효홍','1984-03-11',40),(166,'정홍수','2017-02-13',7),(167,'류근완','2021-07-19',3),(168,'서종성','2022-12-14',2),(169,'조기란','1981-06-06',43),(170,'엄충희','1980-12-12',44),(171,'남재호','2012-08-05',12),(172,'사마충미','1973-03-24',51),(173,'최종석','2022-10-05',2),(174,'독고대한','2013-02-19',11),(175,'선우효포','2004-06-10',20),(176,'민예랑','2017-05-22',7),(177,'안다호','1974-12-28',50),(178,'이재의','2009-11-15',15),(179,'민선구','2019-01-25',5),(180,'하재진','1991-02-23',33),(181,'최경숙','1998-06-24',26),(182,'민기종','1980-12-04',44),(183,'고태석','2007-12-18',17),(184,'정예구','1982-09-22',42),(185,'안재섭','2002-07-01',22),(186,'사마효근','1997-03-09',27),(187,'송혜한','2021-07-19',3),(188,'임형구','2009-01-04',15),(189,'하본현','2014-09-21',10),(190,'민진섭','2020-12-15',4),(191,'독고경주','2008-01-18',16),(192,'최선섭','1977-10-20',47),(193,'박정주','1972-12-10',52),(194,'박경영','1992-01-14',32),(195,'고정호','1970-08-17',54),(196,'차홍호','1987-01-08',37),(197,'김시호','2002-04-27',22),(198,'한선식','1992-06-10',32),(199,'유응하','1999-09-18',25),(200,'노라선란','1973-02-18',51),(201,'문효미','2005-04-08',19),(202,'김재조','2017-07-02',7),(203,'마경호','1999-01-19',25),(204,'최대구','1977-07-21',47),(205,'손홍우','2015-06-28',9),(206,'고규종','1997-04-13',27),(207,'정인태','1978-07-05',46),(208,'사마현우','2003-11-15',21),(209,'박혜민','1989-10-25',35),(210,'권선임','1979-06-05',45),(211,'윤혁하','1987-12-09',37),(212,'이정훈','1993-06-16',31),(213,'진영랑','1997-07-05',27),(214,'곽상현','2010-01-28',14),(215,'박영민','1972-01-18',52),(216,'송홍진','2022-01-12',2),(217,'강선영','1996-03-07',28),(218,'김현철','1991-07-07',33),(219,'한영선','1973-11-04',51),(220,'정기석','2010-03-22',14),(221,'권영일','2022-05-04',2),(222,'권혁호','1986-12-23',38),(223,'한정길','1988-04-08',36),(224,'권석은','1984-04-12',40),(225,'유경수','2011-01-14',13),(226,'서지우','2014-06-03',10),(227,'이우근','1988-01-20',36),(228,'사마연숙','2022-09-11',2),(229,'고찬은','1990-01-20',34),(230,'양정조','2009-07-28',15),(231,'선우상조','1996-06-08',28),(232,'최선희','2019-02-21',5),(233,'선우택종','1970-01-26',54),(234,'독고재조','1987-01-12',37),(235,'박기한','1984-09-06',40),(236,'엄선근','1973-04-07',51),(237,'강호영','2006-02-13',18),(238,'정해호','1976-06-17',48),(239,'안민주','1989-01-18',35),(240,'정선영','1995-11-17',29),(241,'이종희','1983-09-21',41),(242,'남찬호','1994-01-01',30),(243,'문진구','1991-08-04',33),(244,'봉해일','1971-04-24',53),(245,'최선민','2016-05-27',8),(246,'하순숙','2018-12-08',6),(247,'우종숙','1974-10-26',50),(248,'사마근랑','2019-06-19',5),(249,'염찬구','1972-10-11',52),(250,'이선영','1979-09-22',45),(251,'문영은','1973-01-22',51),(252,'심시국','1992-06-01',32),(253,'안동영','1974-10-13',50),(254,'민지근','1987-11-03',37),(255,'조선은','2009-06-15',15),(256,'김상하','1997-12-18',27),(257,'송종완','1988-12-19',36),(258,'마규호','1984-03-21',40),(259,'송선용','2010-03-13',14),(260,'양시길','2016-10-11',8),(261,'우진수','1994-10-10',30),(262,'김효철','1977-05-02',47),(263,'한경포','2012-05-18',12),(264,'김윤규','2012-11-22',12),(265,'정형숙','2005-02-06',19),(266,'정재수','2002-02-22',22),(267,'독고찬수','2020-05-08',4),(268,'차석구','2005-11-07',19),(269,'최우선','1974-04-17',50),(270,'최호민','2022-02-13',2),(271,'문동종','2010-05-17',14),(272,'김수우','2005-01-04',19),(273,'독고선란','2019-02-22',5),(274,'우우랑','1993-09-22',31),(275,'김동구','1991-09-15',33),(276,'김재호','2013-04-05',11),(277,'정영은','1978-03-16',46),(278,'최상조','1984-03-08',40),(279,'권충진','1987-10-09',37),(280,'안현진','1987-02-22',37),(281,'김선완','2014-02-08',10),(282,'정선식','2020-02-09',4),(283,'유근태','1994-11-17',30),(284,'엄영란','2006-07-17',18),(285,'김기수','1972-01-08',52),(286,'나근우','1989-04-13',35),(287,'정순조','2008-04-15',16),(288,'차수용','1990-12-24',34),(289,'정성란','2013-05-28',11),(290,'이선영','1990-06-20',34),(291,'정경민','1984-01-23',40),(292,'선우예은','1998-09-17',26),(293,'이재규','2014-09-04',10),(294,'곽진호','1996-10-06',28),(295,'김우은','1983-09-23',41),(296,'안홍림','2022-09-03',2),(297,'이창란','1998-11-09',26),(298,'김영식','2023-05-08',1),(299,'이순희','2011-09-19',13),(300,'곽옥구','1994-01-26',30),(301,'나인한','1985-04-25',39),(302,'윤혁란','2021-10-22',3),(303,'이종길','2023-05-28',1),(304,'사마기포','1981-09-12',43),(305,'민정애','2015-08-26',9),(306,'문종태','2016-08-05',8),(307,'김인포','1973-02-08',51),(308,'선우호민','2014-08-06',10),(309,'곽규임','1972-09-06',52),(310,'강재은','1990-01-17',34),(311,'최종선','1982-12-11',42),(312,'고재조','2020-03-27',4),(313,'차계수','2000-02-22',24),(314,'이다포','2019-11-18',5),(315,'임종철','2023-09-15',1),(316,'사마응현','2006-11-03',18),(317,'차홍용','2000-11-15',24),(318,'서다완','2003-02-22',21),(319,'나상진','2017-01-06',7),(320,'류무주','2011-05-11',13),(321,'성해조','1973-04-26',51),(322,'이경림','1973-10-14',51),(323,'이태길','1992-03-08',32),(324,'차선미','2018-06-25',6),(325,'김형란','1994-10-16',30),(326,'박무석','1990-09-13',34),(327,'봉혜민','1979-08-02',45),(328,'서재종','1995-01-06',29),(329,'구예훈','1994-08-13',30),(330,'양연우','2008-03-11',16),(331,'구희태','1980-08-09',44),(332,'마형의','2015-01-05',9),(333,'진종은','2000-10-02',24),(334,'봉규태','2021-10-20',3),(335,'한경우','2016-11-02',8),(336,'우현영','1985-02-21',39),(337,'고재한','1971-04-22',53),(338,'조지은','2014-12-12',10),(339,'류택완','2006-09-15',18),(340,'강택진','2020-02-10',4),(341,'강홍훈','2023-12-14',1),(342,'독고홍영','1996-07-27',28),(343,'강혜훈','2010-02-12',14),(344,'유택일','2019-08-24',5),(345,'진찬호','1985-09-03',39),(346,'이완희','1985-12-18',39),(347,'독고혜호','2017-03-08',7),(348,'성완나','1978-07-21',46),(349,'권상일','2005-07-03',19),(350,'안계희','2023-08-19',1),(351,'문찬영','2007-09-04',17),(352,'김창환','2015-12-18',9),(353,'곽형의','2000-08-13',24),(354,'심재선','1984-12-26',40),(355,'조선임','1974-03-14',50),(356,'진동진','1996-02-04',28),(357,'김태훈','2016-09-14',8),(358,'강병식','1978-11-17',46),(359,'정본랑','1989-03-23',35),(360,'성상숙','2017-03-18',7),(361,'독고희란','1998-11-16',26),(362,'강대애','1994-11-03',30),(363,'구정미','2021-05-24',3),(364,'노라경우','1992-06-02',32),(365,'노라선홍','2007-02-11',17),(366,'류경훈','2018-12-06',6),(367,'김완은','1999-04-22',25),(368,'마호조','1981-05-26',43),(369,'양희수','1998-05-03',26),(370,'이무나','1986-08-25',38),(371,'최석영','1983-01-03',41),(372,'류진림','2008-04-27',16),(373,'윤순훈','1986-05-07',38),(374,'임해은','1993-01-03',31),(375,'양계훈','2003-06-10',21),(376,'하진종','2001-08-08',23),(377,'김택희','1973-02-25',51),(378,'김우완','2001-04-13',23),(379,'봉인근','1987-04-18',37),(380,'손혜희','1997-09-11',27),(381,'성영랑','1988-12-13',36),(382,'고상조','1982-11-13',42),(383,'독고종은','1975-07-11',49),(384,'류수완','2017-03-19',7),(385,'김재철','2003-02-02',21),(386,'안선종','2005-05-11',19),(387,'박해조','2013-11-25',11),(388,'최병수','1994-08-17',30),(389,'임상은','1995-10-12',29),(390,'한찬석','1983-10-21',41),(391,'김영길','2006-03-03',18),(392,'나병미','2004-02-15',20),(393,'송기수','1992-07-26',32),(394,'송재주','1971-01-11',53),(395,'박본용','2019-01-03',5),(396,'성지규','2001-09-06',23),(397,'차상석','1987-12-22',37),(398,'곽윤숙','2002-03-25',22),(399,'마종호','1994-05-15',30),(400,'송옥섭','1994-11-28',30),(401,'송주랑','2008-01-05',16),(402,'양형철','1988-08-28',36),(403,'사마계길','2018-07-02',6),(404,'성우미','2014-04-14',10),(405,'조정호','2014-05-21',10),(406,'송본종','1985-05-10',39),(407,'김지은','2002-02-26',22),(408,'한찬영','1978-06-11',46),(409,'선우본수','1996-10-22',28),(410,'나효완','2007-05-06',17),(411,'심호영','2020-06-06',4),(412,'심수석','2012-03-26',12),(413,'윤예호','2021-11-10',3),(414,'봉성식','2017-01-19',7),(415,'노라경철','1989-09-09',35),(416,'이해한','1993-03-13',31),(417,'김성환','1984-08-06',40),(418,'강혁완','1975-11-14',49),(419,'남종영','1976-10-26',48),(420,'김기홍','1984-08-08',40),(421,'고경국','2010-02-19',14),(422,'곽시하','1972-12-26',52),(423,'김규희','1995-05-03',29),(424,'박석의','1992-07-04',32),(425,'서태규','1987-03-04',37),(426,'이완일','1988-05-22',36),(427,'문인선','1993-02-18',31),(428,'유영구','1973-04-26',51),(429,'하상규','2015-02-13',9),(430,'손충훈','1976-08-19',48),(431,'김다림','2022-08-13',2),(432,'조윤조','2017-11-12',7),(433,'안종주','2004-02-10',20),(434,'염순훈','1992-04-26',32),(435,'마영조','1992-11-14',32),(436,'강민섭','1997-04-16',27),(437,'강상포','1991-06-03',33),(438,'민성은','1975-02-06',49),(439,'남택홍','2021-04-06',3),(440,'김경하','2001-06-13',23),(441,'박응나','2007-01-28',17),(442,'최혁완','1991-07-15',33),(443,'정혜수','1984-11-03',40),(444,'안근규','1978-11-04',46),(445,'마기랑','1974-12-17',50),(446,'윤해섭','2014-08-18',10),(447,'독고민규','2000-02-14',24),(448,'이예호','1983-02-23',41),(449,'나완용','1973-05-09',51),(450,'정종하','2016-02-12',8),(451,'강지나','2007-08-20',17),(452,'김규영','2021-03-07',3),(453,'진재완','1984-05-18',40),(454,'손규희','1988-02-21',36),(455,'이대국','1977-04-07',47),(456,'문종숙','1982-11-14',42),(457,'봉주하','1995-08-10',29),(458,'윤진포','1984-10-17',40),(459,'마완구','2010-08-02',14),(460,'강시선','2018-04-06',6),(461,'송정석','2016-02-12',8),(462,'김무영','1980-02-10',44),(463,'심진석','1990-10-04',34),(464,'박기홍','1978-01-15',46),(465,'박정현','2014-12-05',10),(466,'독고완랑','2006-04-27',18),(467,'노라찬수','2014-12-19',10),(468,'성완은','1981-11-09',43),(469,'송선호','1972-04-01',52),(470,'김인영','1981-02-06',43),(471,'민대종','1976-09-12',48),(472,'박계하','2003-05-19',21),(473,'김재한','2015-07-19',9),(474,'이태훈','2013-03-28',11),(475,'곽계철','1996-01-18',28),(476,'봉재수','2002-05-11',22),(477,'강혁현','1984-09-07',40),(478,'안석은','2007-02-02',17),(479,'봉효종','2008-07-13',16),(480,'사마정종','2021-08-23',3),(481,'나기석','2017-07-08',7),(482,'조충란','2004-07-09',20),(483,'곽충랑','1977-01-01',47),(484,'한호포','1985-08-25',39),(485,'봉진희','2005-01-18',19),(486,'윤해희','1970-06-12',54),(487,'박충하','2017-11-24',7),(488,'최정포','1976-08-19',48),(489,'김영용','1975-12-09',49),(490,'최진수','1994-08-27',30),(491,'강창임','2001-08-15',23),(492,'조혜완','2015-07-17',9),(493,'곽예호','1980-11-14',44),(494,'노라재주','2019-09-17',5),(495,'심기포','1985-03-21',39),(496,'손희철','2001-02-07',23),(497,'조형국','2010-03-11',14),(498,'남충미','2010-07-16',14),(499,'김재태','1975-09-14',49),(500,'문종태','1976-10-01',48),(501,'윤효성','1971-12-23',53),(502,'손지태','1976-09-28',48),(503,'심종림','1996-03-22',28),(504,'고옥란','1989-06-20',35),(505,'신상훈','1993-10-08',31),(506,'정재숙','1975-08-03',49),(507,'윤경길','1983-07-11',41),(508,'유홍구','1993-06-28',31),(509,'남종하','2015-11-06',9),(510,'신태미','2009-12-17',15),(511,'문택훈','2000-06-24',24),(512,'조인훈','2016-08-11',8),(513,'우시희','2014-03-06',10),(514,'차진의','1978-10-01',46),(515,'양계영','2010-12-17',14),(516,'강혁태','2018-04-03',6),(517,'임근완','2016-01-24',8),(518,'봉경임','2015-03-27',9),(519,'김선완','2014-08-10',10),(520,'류정종','2017-12-17',7),(521,'한지희','2001-07-15',23),(522,'이경우','2006-08-22',18),(523,'강인의','1973-10-05',51),(524,'손인식','1976-04-14',48),(525,'윤재희','2001-12-19',23),(526,'선우창임','2020-01-24',4),(527,'성무숙','1995-09-03',29),(528,'진예태','2019-07-04',5),(529,'봉다성','2003-02-08',21),(530,'심민임','1977-10-19',47),(531,'봉순나','2009-03-14',15),(532,'우순은','1998-11-19',26),(533,'조동민','1982-12-25',42),(534,'남영랑','1994-04-25',30),(535,'박홍우','2014-07-04',10),(536,'차홍식','2013-10-06',11),(537,'신혜나','2001-05-22',23),(538,'유기구','1974-02-07',50),(539,'심무섭','1996-06-19',28),(540,'하옥선','1994-11-05',30),(541,'민근훈','2010-02-18',14),(542,'서선성','1985-11-07',39),(543,'박다석','1974-08-02',50),(544,'임다환','2009-03-27',15),(545,'심재진','2002-07-11',22),(546,'마상림','1980-03-03',44),(547,'독고충성','2007-12-06',17),(548,'고수철','1982-08-24',42),(549,'고동우','1976-08-06',48),(550,'독고진성','1984-10-26',40),(551,'우선미','2015-06-12',9),(552,'노라충석','2018-08-05',6),(553,'박경은','2020-06-03',4),(554,'곽혜우','1997-09-26',27),(555,'박종호','1997-04-06',27),(556,'윤희주','1984-02-26',40),(557,'이영주','2001-03-23',23),(558,'한재홍','2005-02-16',19),(559,'서윤완','2006-09-07',18),(560,'선우순의','2011-04-14',13),(561,'민종구','2008-07-15',16),(562,'윤선호','2013-12-17',11),(563,'구완홍','2005-06-15',19),(564,'김현우','1994-01-19',30),(565,'양인한','1980-03-19',44),(566,'고규철','2004-10-10',20),(567,'강재종','1984-10-08',40),(568,'안기애','1981-06-11',43),(569,'조현호','2001-05-25',23),(570,'진상섭','1984-01-05',40),(571,'이성수','1990-10-01',34),(572,'강택홍','1974-05-23',50),(573,'김재조','1973-07-27',51),(574,'남인현','1975-10-23',49),(575,'곽태우','1990-07-25',34),(576,'정응란','2006-06-20',18),(577,'손기림','2013-01-13',11),(578,'윤동호','2016-10-17',8),(579,'진홍주','1996-07-16',28),(580,'성해종','1979-05-11',45),(581,'염기국','1978-12-18',46),(582,'권인훈','2003-12-17',21),(583,'이영나','2006-02-09',18),(584,'신정국','1980-12-02',44),(585,'문상성','2008-09-24',16),(586,'마영훈','2004-09-18',20),(587,'안계희','1971-02-20',53),(588,'임대은','2004-09-06',20),(589,'나재애','1975-03-16',49),(590,'진진식','2017-10-28',7),(591,'류선희','1987-09-25',37),(592,'사마호희','1996-06-21',28),(593,'이동은','2001-01-15',23),(594,'조수임','2022-03-24',2),(595,'이연하','1970-03-24',54),(596,'임해포','1976-05-04',48),(597,'성인민','1971-09-26',53),(598,'안규호','1995-03-26',29),(599,'강선의','1982-08-02',42),(600,'정택완','2012-12-10',12),(601,'고주림','1977-02-23',47),(602,'윤재우','1970-11-22',54),(603,'노라경섭','2009-02-07',15),(604,'신주훈','1999-06-19',25),(605,'염다일','2012-03-03',12),(606,'이태섭','1986-12-08',38),(607,'이홍애','2006-04-27',18),(608,'곽다의','1977-12-11',47),(609,'손진림','2019-06-15',5),(610,'김응우','1989-10-22',35),(611,'염경포','1993-09-15',31),(612,'안종국','2016-06-27',8),(613,'서태홍','1982-10-19',42),(614,'노라근태','1988-07-01',36),(615,'차연영','1977-12-03',47),(616,'봉옥림','1990-06-24',34),(617,'송기하','2014-09-25',10),(618,'조지영','2021-06-07',3),(619,'이영훈','2013-06-27',11),(620,'민상홍','2000-11-19',24),(621,'성혜구','1980-12-05',44),(622,'사마현호','1972-08-26',52),(623,'독고규수','2010-01-10',14),(624,'마종일','2016-07-02',8),(625,'이석우','1977-10-15',47),(626,'사마혜영','2002-04-16',22),(627,'조혜태','1980-12-10',44),(628,'한규훈','1999-11-06',25),(629,'정혁구','2023-12-28',1),(630,'나성규','2013-10-28',11),(631,'송윤국','1976-01-17',48),(632,'최정식','1977-03-17',47),(633,'김윤영','1981-01-06',43),(634,'강찬태','2008-08-25',16),(635,'곽상숙','1982-02-28',42),(636,'안수민','2017-11-26',7),(637,'이재나','2018-02-02',6),(638,'서영호','1981-07-02',43),(639,'류종영','1979-05-12',45),(640,'양창주','1972-09-26',52),(641,'손혁규','2012-08-02',12),(642,'김상호','1986-07-23',38),(643,'사마재석','1985-07-19',39),(644,'유시임','2008-05-24',16),(645,'성희호','2014-09-26',10),(646,'우우길','2018-11-27',6),(647,'정옥선','1999-04-12',25),(648,'김태훈','2016-12-21',8),(649,'최효한','2017-02-23',7),(650,'조민나','2005-09-28',19),(651,'문종희','1987-05-17',37),(652,'우재국','1989-06-24',35),(653,'나호홍','1994-11-18',30),(654,'정수하','1971-06-15',53),(655,'강기환','1980-10-24',44),(656,'문동일','2013-04-09',11),(657,'문혜애','2014-09-25',10),(658,'진지영','1983-02-15',41),(659,'문창구','2020-01-22',4),(660,'김재우','2015-06-21',9),(661,'마대규','2016-02-24',8),(662,'유응랑','2006-07-20',18),(663,'송혜현','2002-10-07',22),(664,'구석하','1999-07-03',25),(665,'최정우','1988-09-26',36),(666,'곽창국','1997-03-20',27),(667,'민상성','1991-12-20',33),(668,'최상나','1982-07-20',42),(669,'류효나','2003-05-22',21),(670,'염옥훈','2006-10-02',18),(671,'권홍근','1994-09-27',30),(672,'조정하','1975-02-17',49),(673,'박다호','2015-10-07',9),(674,'서현나','1990-07-11',34),(675,'남재한','2019-01-13',5),(676,'강호하','1999-05-07',25),(677,'정예길','1985-06-05',39),(678,'나홍용','2008-09-21',16),(679,'손주랑','1999-02-03',25),(680,'송혁미','1977-02-01',47),(681,'손동국','1970-06-10',54),(682,'곽진포','1976-08-20',48),(683,'진현완','2020-04-06',4),(684,'사마계석','1978-06-24',46),(685,'강응희','2009-08-20',15),(686,'노라동란','1981-03-06',43),(687,'정병란','2006-11-22',18),(688,'윤응국','1984-11-02',40),(689,'구민수','2020-12-27',4),(690,'신호은','2011-06-08',13),(691,'박대종','2007-04-10',17),(692,'양연훈','2004-08-10',20),(693,'정호길','2006-05-07',18),(694,'사마성미','1984-03-19',40),(695,'성완영','2023-01-06',1),(696,'하찬한','1982-08-04',42),(697,'한홍숙','2006-09-24',18),(698,'신선나','2001-06-20',23),(699,'안민숙','2020-03-10',4),(700,'사마대림','1992-05-11',32),(701,'류근우','2017-10-24',7),(702,'정기완','1979-04-18',45),(703,'안진은','2015-04-27',9),(704,'권병환','1984-01-11',40),(705,'송성현','2022-04-07',2),(706,'선우택석','1986-11-09',38),(707,'강현길','2012-06-10',12),(708,'정경용','1989-06-14',35),(709,'봉인석','2013-07-15',11),(710,'최기환','1993-09-18',31),(711,'독고윤임','1975-10-14',49),(712,'정무우','2005-01-24',19),(713,'곽완길','1993-02-09',31),(714,'윤재구','1977-10-07',47),(715,'유종민','2017-11-13',7),(716,'성무영','1970-04-16',54),(717,'조기환','1996-12-06',28),(718,'김기하','1987-11-26',37),(719,'조다림','1981-12-13',43),(720,'봉찬숙','1975-10-05',49),(721,'곽정우','1997-04-22',27),(722,'민호규','1979-03-24',45),(723,'염상철','2011-06-14',13),(724,'남홍은','2016-03-02',8),(725,'최홍환','2000-06-03',24),(726,'곽예성','2021-01-28',3),(727,'안효길','2022-02-01',2),(728,'엄상은','1980-11-18',44),(729,'김규선','1990-02-26',34),(730,'양홍은','1975-03-22',49),(731,'민연석','1986-12-03',38),(732,'송선희','1978-01-04',46),(733,'노라영구','2012-06-13',12),(734,'최영환','1978-02-04',46),(735,'최종한','2017-05-25',7),(736,'송영수','2007-05-24',17),(737,'조우란','1988-11-18',36),(738,'우옥환','1996-07-21',28),(739,'성연구','1984-08-06',40),(740,'나희섭','2012-05-04',12),(741,'봉선섭','1997-07-27',27),(742,'유병훈','2015-09-12',9),(743,'최홍구','1986-02-25',38),(744,'손선수','1975-09-05',49),(745,'안순조','1975-06-02',49),(746,'김혁수','2012-12-13',12),(747,'성상호','1974-02-22',50),(748,'심상홍','2011-10-20',13),(749,'안응숙','2006-05-10',18),(750,'류완용','2010-07-04',14),(751,'정선영','2011-11-02',13),(752,'김희진','1984-05-22',40),(753,'사마영은','1972-07-26',52),(754,'진주포','1989-11-03',35),(755,'박혁현','2015-07-18',9),(756,'이시훈','2021-08-27',3),(757,'민본철','1970-09-24',54),(758,'박상민','1987-05-04',37),(759,'곽진하','2008-11-24',16),(760,'성동완','1987-07-23',37),(761,'마현구','1986-04-06',38),(762,'차태한','2000-12-18',24),(763,'마종영','1989-01-15',35),(764,'차우란','2007-12-09',17),(765,'송재국','2019-05-02',5),(766,'우형주','1996-09-01',28),(767,'독고충포','2004-09-22',20),(768,'유지선','2016-08-28',8),(769,'최선종','1995-10-05',29),(770,'신성구','1976-07-15',48),(771,'사마진호','1973-06-11',51),(772,'차호섭','1998-10-18',26),(773,'엄찬한','1976-08-01',48),(774,'류수랑','2009-03-18',15),(775,'염수미','2022-08-14',2),(776,'강완애','1997-09-06',27),(777,'하민식','1991-04-26',33),(778,'박계은','2020-12-21',4),(779,'한석수','1990-08-08',34),(780,'최혁영','1997-07-11',27),(781,'박재환','1975-09-10',49),(782,'봉호한','1981-11-26',43),(783,'송정홍','1980-03-20',44),(784,'봉상선','1996-05-01',28),(785,'유충진','1996-05-01',28),(786,'고규민','1991-06-07',33),(787,'서대포','2006-07-06',18),(788,'이우은','1994-12-06',30),(789,'최재홍','1994-11-26',30),(790,'임인희','2007-12-11',17),(791,'사마재국','1987-09-25',37),(792,'심희영','1996-04-23',28),(793,'차영종','2021-08-27',3),(794,'김종주','1971-10-16',53),(795,'김옥포','2013-07-04',11),(796,'권기수','2008-06-17',16),(797,'이선우','1983-01-11',41),(798,'우효우','2021-01-11',3),(799,'이형영','1974-01-28',50),(800,'권홍조','1974-12-06',50),(801,'류지영','1977-07-13',47),(802,'유형숙','1988-04-19',36),(803,'강재완','1975-08-07',49),(804,'문순훈','1970-02-22',54),(805,'심우훈','2013-09-15',11),(806,'김재석','2023-03-17',1),(807,'서혜국','1977-05-12',47),(808,'선우재석','2003-11-06',21),(809,'염응포','2009-05-01',15),(810,'마선태','1994-08-08',30),(811,'마선훈','2023-04-12',1),(812,'선우영숙','2008-07-06',16),(813,'독고지훈','2013-09-01',11),(814,'이성하','1988-10-23',36),(815,'심재홍','1985-09-18',39),(816,'서진희','2002-02-22',22),(817,'안우일','1977-08-06',47),(818,'한선우','2002-04-15',22),(819,'이근현','1975-02-13',49),(820,'엄창구','1978-06-02',46),(821,'문창우','2019-09-09',5),(822,'김상미','1986-08-25',38),(823,'권기석','1981-05-12',43),(824,'하정일','2011-06-20',13),(825,'하재주','2010-02-15',14),(826,'조민훈','1973-04-17',51),(827,'심경성','2014-11-08',10),(828,'최상국','2021-10-23',3),(829,'하우진','1990-12-25',34),(830,'정종영','2001-02-21',23),(831,'차수길','1982-10-13',42),(832,'이해미','1977-09-15',47),(833,'문혁종','2023-12-27',1),(834,'봉동희','1988-06-21',36),(835,'최재일','2006-10-12',18),(836,'독고택근','1982-04-07',42),(837,'최종훈','2014-04-01',10),(838,'엄다은','2023-12-27',1),(839,'윤연우','1991-10-01',33),(840,'임근용','2002-11-13',22),(841,'임경국','2008-03-04',16),(842,'사마선랑','2017-07-23',7),(843,'이찬우','1981-11-07',43),(844,'우선국','1986-01-26',38),(845,'이본호','1989-02-10',35),(846,'유완미','1974-08-09',50),(847,'윤지한','1993-08-01',31),(848,'하진의','2023-12-07',1),(849,'정지임','1998-09-16',26),(850,'선우지영','1978-07-26',46),(851,'안민나','1993-10-03',31),(852,'진호희','1988-06-08',36),(853,'민선규','2010-01-25',14),(854,'성호하','2005-06-16',19),(855,'우기영','2000-04-21',24),(856,'염혁환','1992-06-19',32),(857,'노라형태','1970-07-17',54),(858,'민순우','2022-05-14',2),(859,'문윤훈','2012-12-18',12),(860,'민희하','2003-05-09',21),(861,'김연주','2008-08-13',16),(862,'유찬용','2009-09-02',15),(863,'안완태','2010-08-28',14),(864,'양경미','1999-04-10',25),(865,'신근은','2005-11-17',19),(866,'신본의','1995-01-23',29),(867,'선우진호','1985-07-24',39),(868,'김혁규','1972-09-02',52),(869,'강창수','2003-02-02',21),(870,'강기호','1971-04-15',53),(871,'최영훈','1990-06-15',34),(872,'권인석','2009-01-11',15),(873,'윤찬국','1982-09-26',42),(874,'차옥종','1980-10-20',44),(875,'곽재석','1983-01-28',41),(876,'독고수은','1992-04-22',32),(877,'권예일','1996-12-14',28),(878,'강완현','1987-09-24',37),(879,'안옥주','2022-07-05',2),(880,'유재나','2014-04-22',10),(881,'송무우','1990-06-07',34),(882,'문재종','1983-05-16',41),(883,'우재구','2020-03-24',4),(884,'엄선완','2012-03-09',12),(885,'마민수','2004-05-28',20),(886,'엄동선','2013-08-06',11),(887,'최찬수','2000-02-25',24),(888,'나동석','2004-08-06',20),(889,'나지용','1973-09-22',51),(890,'정정민','2014-05-27',10),(891,'우진란','1982-11-12',42),(892,'독고윤일','1974-10-12',50),(893,'최재우','1975-12-18',49),(894,'고윤한','2014-05-10',10),(895,'송상일','2010-12-03',14),(896,'최기종','2003-03-26',21),(897,'차기민','2021-03-08',3),(898,'선우충영','1988-12-27',36),(899,'정혜하','1986-06-17',38),(900,'박경용','1985-08-03',39),(901,'안창선','2009-08-04',15),(902,'양성규','1970-09-26',54),(903,'유혜영','2002-12-21',22),(904,'독고희완','2014-02-08',10),(905,'김동식','1995-03-27',29),(906,'정선종','1991-01-01',33),(907,'우현길','1976-11-05',48),(908,'선우효호','1971-12-23',53),(909,'김다림','2022-06-11',2),(910,'문호희','2017-03-22',7),(911,'사마윤완','2021-09-12',3),(912,'양주호','2011-07-22',13),(913,'김지종','2004-11-28',20),(914,'차연랑','2006-02-25',18),(915,'박윤훈','2004-02-16',20),(916,'독고다림','1970-12-01',54),(917,'사마응식','1977-11-07',47),(918,'차선일','2011-03-16',13),(919,'이시주','1976-09-25',48),(920,'김예철','2014-04-07',10),(921,'엄시영','2002-09-11',22),(922,'정연랑','1970-05-12',54),(923,'마혁은','1986-03-19',38),(924,'민현구','1984-05-01',40),(925,'김진수','1982-12-18',42),(926,'김무선','2009-05-09',15),(927,'유홍희','1971-11-12',53),(928,'엄영식','1990-05-27',34),(929,'김본호','1995-04-28',29),(930,'사마상구','1984-01-07',40),(931,'김기호','2000-05-11',24),(932,'성다애','1979-10-03',45),(933,'한희구','1975-02-22',49),(934,'남상하','1975-08-14',49),(935,'차본우','2008-10-07',16),(936,'박정호','2011-03-20',13),(937,'임지국','2020-10-28',4),(938,'유창영','2003-12-13',21),(939,'이홍석','2023-04-02',1),(940,'최상선','2020-08-13',4),(941,'강정선','2003-05-13',21),(942,'최정섭','1989-08-27',35),(943,'구완성','1972-02-12',52),(944,'조호석','2001-03-02',23),(945,'이홍숙','1985-09-03',39),(946,'신기호','1981-05-19',43),(947,'선우석진','2005-11-02',19),(948,'봉찬란','1993-09-26',31),(949,'양영수','2016-07-15',8),(950,'권경규','2003-10-24',21),(951,'김주철','2008-04-16',16),(952,'문진구','1979-12-25',45),(953,'하선완','1985-08-13',39),(954,'독고시국','2004-09-26',20),(955,'이재은','2019-05-03',5),(956,'조연한','2006-03-03',18),(957,'김정태','1999-09-12',25),(958,'곽효하','2022-10-09',2),(959,'안경규','1993-07-26',31),(960,'유종구','1997-02-04',27),(961,'권주홍','1994-10-02',30),(962,'김경임','1978-01-03',46),(963,'최혁의','1975-11-28',49),(964,'안희식','1985-04-06',39),(965,'남재란','1979-09-19',45),(966,'마해우','1996-03-10',28),(967,'송선우','1974-02-04',50),(968,'박동란','2020-08-03',4),(969,'염우환','2019-08-27',5),(970,'송영홍','1980-05-02',44),(971,'서순석','1987-11-16',37),(972,'김병선','1986-04-22',38),(973,'고선성','1976-12-10',48),(974,'이정랑','1973-10-09',51),(975,'문대홍','1975-02-08',49),(976,'김정철','2004-05-04',20),(977,'송지숙','1982-11-21',42),(978,'한경섭','1975-04-14',49),(979,'류종성','1977-10-23',47),(980,'유윤임','2022-02-24',2),(981,'박우희','1999-06-20',25),(982,'정진규','1977-10-08',47),(983,'양택규','2005-08-03',19),(984,'곽옥은','2018-09-15',6),(985,'곽인훈','1979-04-01',45),(986,'구응미','1995-09-13',29),(987,'김규호','1990-07-05',34),(988,'김석식','2018-09-22',6),(989,'서계주','1976-01-27',48),(990,'손효홍','2011-12-27',13),(991,'손정숙','2023-09-11',1),(992,'하병나','1995-05-06',29),(993,'윤혜나','2003-07-18',21),(994,'송재현','1986-02-21',38),(995,'강호석','1970-07-15',54),(996,'안태진','1971-08-15',53),(997,'권해일','2020-01-26',4),(998,'김응근','2022-07-27',2),(999,'권경식','1981-03-21',43),(1000,'송정미','2000-05-13',24);
/*!40000 ALTER TABLE `fake_table` ENABLE KEYS */;
UNLOCK TABLES;

--
-- Table structure for table `iot`
--

DROP TABLE IF EXISTS `iot`;
/*!40101 SET @saved_cs_client     = @@character_set_client */;
/*!40101 SET character_set_client = utf8 */;
CREATE TABLE `iot` (
  `idx` int(11) NOT NULL AUTO_INCREMENT,
  `temp` float DEFAULT 0,
  `hum` float DEFAULT 0,
  `device` int(11) DEFAULT 1,
  `time` datetime DEFAULT NULL,
  PRIMARY KEY (`idx`)
) ENGINE=InnoDB AUTO_INCREMENT=1717 DEFAULT CHARSET=utf8mb4 COLLATE=utf8mb4_general_ci;
/*!40101 SET character_set_client = @saved_cs_client */;

--
-- Dumping data for table `iot`
--

LOCK TABLES `iot` WRITE;
/*!40000 ALTER TABLE `iot` DISABLE KEYS */;
INSERT INTO `iot` VALUES (1,34.8,83.7,1,'2024-08-22 14:14:41'),(2,33.9,87.8,1,'2024-08-22 14:14:45'),(3,30.6,84.4,1,'2024-08-22 14:14:48'),(4,34,84.1,1,'2024-08-22 14:14:51'),(5,33.8,83.1,1,'2024-08-22 14:14:54'),(6,32.3,83.2,1,'2024-08-22 14:14:57'),(7,33,85.9,1,'2024-08-22 14:15:00'),(8,30.9,85.8,1,'2024-08-22 14:15:03'),(9,30,88.8,1,'2024-08-22 14:15:06'),(10,32.1,88.3,1,'2024-08-22 14:15:09'),(11,31.6,89.1,1,'2024-08-22 14:15:12'),(12,32.6,89.6,1,'2024-08-22 14:15:15'),(13,32.7,86.1,1,'2024-08-22 14:15:18'),(14,30,82.9,1,'2024-08-22 14:15:21'),(15,31.7,82.4,1,'2024-08-22 14:15:24'),(16,31.8,88.4,1,'2024-08-22 14:15:27'),(17,30.4,83.7,1,'2024-08-22 14:15:31'),(18,31.4,84.8,1,'2024-08-22 14:15:35'),(19,32.7,88.5,1,'2024-08-22 14:15:39'),(20,30.6,89.8,1,'2024-08-22 14:15:43'),(21,32.9,84,1,'2024-08-22 14:15:47'),(22,33.7,85.2,1,'2024-08-22 14:15:51'),(23,32.3,81.5,1,'2024-08-22 14:15:55'),(24,32,81.4,1,'2024-08-22 14:15:59'),(25,32.6,87.7,1,'2024-08-22 14:16:03'),(26,30.1,87.9,1,'2024-08-22 14:16:07'),(27,32.3,85.6,1,'2024-08-22 14:16:10'),(28,30.8,90,1,'2024-08-22 14:16:13'),(29,33,80.4,1,'2024-08-22 14:16:16'),(30,32.2,89.3,1,'2024-08-22 14:16:19'),(31,30.6,85.1,1,'2024-08-22 14:16:22'),(32,34.9,85,1,'2024-08-22 14:16:25'),(33,32.9,89.6,1,'2024-08-22 14:16:29'),(34,34.7,85.8,1,'2024-08-22 14:16:33'),(35,30.8,88.1,1,'2024-08-22 14:16:37'),(36,33.8,80.6,1,'2024-08-22 14:16:41'),(37,34.7,89.9,1,'2024-08-22 14:16:45'),(38,33.4,87.9,1,'2024-08-22 14:16:49'),(39,34.3,82.4,1,'2024-08-22 14:16:53'),(40,33.6,84.7,1,'2024-08-22 14:16:57'),(41,32.8,89.8,1,'2024-08-22 14:17:01'),(42,34.4,80.5,1,'2024-08-22 14:17:05'),(43,33.1,84.7,1,'2024-08-22 14:17:09'),(44,32.6,84.5,1,'2024-08-22 14:17:13'),(45,30.6,80.6,1,'2024-08-22 14:17:16'),(46,31.1,81,1,'2024-08-22 14:17:19'),(47,31.6,82.5,1,'2024-08-22 14:17:22'),(48,32.4,85.3,1,'2024-08-22 14:17:25'),(49,32.1,82.9,1,'2024-08-22 14:17:28'),(50,34.2,84.2,1,'2024-08-22 14:17:31'),(51,32.3,85.8,1,'2024-08-22 14:17:34'),(52,32.3,81.8,1,'2024-08-22 14:17:37'),(53,31.5,84.9,1,'2024-08-22 14:17:41'),(54,32.4,89.9,1,'2024-08-22 14:17:44'),(55,34.3,86.5,1,'2024-08-22 14:17:47'),(56,30.7,86.4,1,'2024-08-22 14:17:50'),(57,34.4,81.3,1,'2024-08-22 14:17:53'),(58,32.5,82.5,1,'2024-08-22 14:17:56'),(59,30.6,81.2,1,'2024-08-22 14:17:59'),(60,30.2,87.6,1,'2024-08-22 14:18:02'),(61,31,86.5,1,'2024-08-22 14:18:05'),(62,30.6,84.4,1,'2024-08-22 14:18:08'),(63,30.8,88.5,1,'2024-08-22 14:18:11'),(64,31.1,83.4,1,'2024-08-22 14:18:14'),(65,34.6,89.7,1,'2024-08-22 14:18:17'),(66,34.4,86.2,1,'2024-08-22 14:18:20'),(67,30.9,89.9,1,'2024-08-22 14:18:23'),(68,34.2,89,1,'2024-08-22 14:18:26'),(69,34.7,83.9,1,'2024-08-22 14:18:29'),(70,32.5,86,1,'2024-08-22 14:18:33'),(71,35,88.4,1,'2024-08-22 14:18:36'),(72,32,84.1,1,'2024-08-22 14:18:39'),(73,31.7,83.8,1,'2024-08-22 14:18:42'),(74,30.3,85.4,1,'2024-08-22 14:18:45'),(75,33.1,86.6,1,'2024-08-22 14:18:48'),(76,34.8,86,1,'2024-08-22 14:18:51'),(77,34.9,86.1,1,'2024-08-22 14:18:54'),(78,31.4,82.5,1,'2024-08-22 14:18:57'),(79,32.8,86.8,1,'2024-08-22 14:19:00'),(80,32.4,87.7,1,'2024-08-22 14:19:03'),(81,33.7,82.6,1,'2024-08-22 14:19:06'),(82,32.1,80.2,1,'2024-08-22 14:19:09'),(83,31.6,87.7,1,'2024-08-22 14:19:12'),(84,31,81.6,1,'2024-08-22 14:19:15'),(85,30.1,83.4,1,'2024-08-22 14:19:19'),(86,34,83.5,1,'2024-08-22 14:19:22'),(87,34.9,85.9,1,'2024-08-22 14:19:25'),(88,32.1,84.2,1,'2024-08-22 14:19:28'),(89,32.3,86.7,1,'2024-08-22 14:19:31'),(90,33,89.2,1,'2024-08-22 14:19:34'),(91,34.5,83.5,1,'2024-08-22 14:19:37'),(92,30,87.3,1,'2024-08-22 14:19:40'),(93,31.4,89.2,1,'2024-08-22 14:19:43'),(94,33.7,81.3,1,'2024-08-22 14:19:46'),(95,33.6,83.6,1,'2024-08-22 14:19:49'),(96,33.8,88,1,'2024-08-22 14:19:52'),(97,30.6,83.4,1,'2024-08-22 14:19:55'),(98,31.1,89.4,1,'2024-08-22 14:19:58'),(99,33.9,89.2,1,'2024-08-22 14:20:01'),(100,32.1,87.6,1,'2024-08-22 14:20:04'),(101,30.7,89.9,1,'2024-08-22 14:20:07'),(102,33.8,84.4,1,'2024-08-22 14:20:11'),(103,32.6,85.4,1,'2024-08-22 14:20:14'),(104,32.7,83.5,1,'2024-08-22 14:20:17'),(105,33.4,85.3,1,'2024-08-22 14:20:20'),(106,34,83.5,1,'2024-08-22 14:20:23'),(107,34,88,1,'2024-08-22 14:20:26'),(108,31,82.5,1,'2024-08-22 14:20:29'),(109,30.2,83.4,1,'2024-08-22 14:20:32'),(110,32.6,80.4,1,'2024-08-22 14:20:35'),(111,32.7,89.4,1,'2024-08-22 14:20:38'),(112,31.4,84.4,1,'2024-08-22 14:20:41'),(113,31,81.3,1,'2024-08-22 14:20:44'),(114,32.7,88.3,1,'2024-08-22 14:20:47'),(115,31,81.4,1,'2024-08-22 14:20:50'),(116,34.4,87.1,1,'2024-08-22 14:20:53'),(117,34.8,85.5,1,'2024-08-22 14:20:56'),(118,34.6,80.3,1,'2024-08-22 14:20:59'),(119,33.6,87.6,1,'2024-08-22 14:21:03'),(120,33.1,83,1,'2024-08-22 14:21:06'),(121,30,80.8,1,'2024-08-22 14:21:09'),(122,31.9,84.8,1,'2024-08-22 14:21:12'),(123,30.9,84.2,1,'2024-08-22 14:21:15'),(124,30.2,87.9,1,'2024-08-22 14:21:18'),(125,34.4,86.5,1,'2024-08-22 14:21:21'),(126,34.9,89.7,1,'2024-08-22 14:21:24'),(127,32.2,86.6,1,'2024-08-22 14:21:27'),(128,31.3,83,1,'2024-08-22 14:21:30'),(129,30.7,87,1,'2024-08-22 14:21:33'),(130,34.6,85,1,'2024-08-22 14:21:36'),(131,30.7,82.6,1,'2024-08-22 14:21:39'),(132,32.1,89.2,1,'2024-08-22 14:21:42'),(133,31.2,86.4,1,'2024-08-22 14:21:45'),(134,31,88,1,'2024-08-22 14:21:48'),(135,33.8,82.3,1,'2024-08-22 14:21:51'),(136,31.6,83.8,1,'2024-08-22 14:21:54'),(137,35,85.3,1,'2024-08-22 14:21:58'),(138,31.7,87.2,1,'2024-08-22 14:22:01'),(139,30.1,85,1,'2024-08-22 14:22:04'),(140,33,84.7,1,'2024-08-22 14:22:07'),(141,30.2,83,1,'2024-08-22 14:22:10'),(142,31.7,89.3,1,'2024-08-22 14:22:13'),(143,30.1,81.4,1,'2024-08-22 14:22:16'),(144,30.2,84.7,1,'2024-08-22 14:22:19'),(145,34.4,81.8,1,'2024-08-22 14:22:22'),(146,32.5,85.1,1,'2024-08-22 14:22:25'),(147,34.8,82.1,1,'2024-08-22 14:22:28'),(148,33.1,88.8,1,'2024-08-22 14:22:31'),(149,33.7,88.4,1,'2024-08-22 14:22:34'),(150,30.5,84.3,1,'2024-08-22 14:22:37'),(151,31.2,84.8,1,'2024-08-22 14:22:40'),(152,32.3,85.9,1,'2024-08-22 14:22:43'),(153,30.1,88.3,1,'2024-08-22 14:22:46'),(154,32.3,88.7,1,'2024-08-22 14:22:49'),(155,31.1,80.8,1,'2024-08-22 14:22:53'),(156,32.3,84,1,'2024-08-22 14:22:56'),(157,33.6,86.7,1,'2024-08-22 14:22:59'),(158,33.1,87.9,1,'2024-08-22 14:23:02'),(159,32.3,83.3,1,'2024-08-22 14:23:05'),(160,34.7,88.2,1,'2024-08-22 14:23:08'),(161,34.6,83.9,1,'2024-08-22 14:23:11'),(162,30.1,84.2,1,'2024-08-22 14:23:14'),(163,33.2,86.8,1,'2024-08-22 14:23:17'),(164,31.5,83.8,1,'2024-08-22 14:23:20'),(165,31.2,80.3,1,'2024-08-22 14:23:23'),(166,32.8,84.3,1,'2024-08-22 14:23:26'),(167,33.8,87.2,1,'2024-08-22 14:23:29'),(168,30.1,80,1,'2024-08-22 14:23:32'),(169,34.1,83.9,1,'2024-08-22 14:23:35'),(170,35,89.1,1,'2024-08-22 14:23:38'),(171,33.3,81.2,1,'2024-08-22 14:23:41'),(172,34.5,83.2,1,'2024-08-22 14:23:44'),(173,32.2,85.3,1,'2024-08-22 14:23:47'),(174,31.9,82.6,1,'2024-08-22 14:23:51'),(175,31.4,89.8,1,'2024-08-22 14:23:54'),(176,33,86.4,1,'2024-08-22 14:23:57'),(177,34,80,1,'2024-08-22 14:24:00'),(178,30,85,1,'2024-08-22 14:24:03'),(179,33.7,84.6,1,'2024-08-22 14:24:06'),(180,33.3,87.8,1,'2024-08-22 14:24:09'),(181,31.9,85.7,1,'2024-08-22 14:24:12'),(182,30.3,84.3,1,'2024-08-22 14:24:15'),(183,32.2,87,1,'2024-08-22 14:24:18'),(184,34.9,88.3,1,'2024-08-22 14:24:21'),(185,31.2,85.2,1,'2024-08-22 14:24:25'),(186,32,86.3,1,'2024-08-22 14:24:29'),(187,33.7,87.4,1,'2024-08-22 14:24:33'),(188,30.7,89.1,1,'2024-08-22 14:24:37'),(189,34.6,80,1,'2024-08-22 14:24:41'),(190,32.1,85.7,1,'2024-08-22 14:24:45'),(191,32.8,83.1,1,'2024-08-22 14:24:49'),(192,32.7,84.8,1,'2024-08-22 14:24:53'),(193,33.6,85.6,1,'2024-08-22 14:24:57'),(194,34,81.3,1,'2024-08-22 14:25:01'),(195,30.9,80.2,1,'2024-08-22 14:25:05'),(196,31.6,83.1,1,'2024-08-22 14:25:09'),(197,30.7,82.3,1,'2024-08-22 14:25:13'),(198,30.1,83.6,1,'2024-08-22 14:25:17'),(199,34.3,90,1,'2024-08-22 14:25:21'),(200,33.5,87.3,1,'2024-08-22 14:25:25'),(201,34.2,88.3,1,'2024-08-22 14:25:29'),(202,32.7,82.7,1,'2024-08-22 14:25:33'),(203,31.4,81.6,1,'2024-08-22 14:25:37'),(204,30.1,89.3,1,'2024-08-22 14:25:41'),(205,31,89.3,1,'2024-08-22 14:25:45'),(206,34.4,84,1,'2024-08-22 14:25:49'),(207,30.1,82.2,1,'2024-08-22 14:25:53'),(208,31,88.3,1,'2024-08-22 14:25:57'),(209,32.6,82.8,1,'2024-08-22 14:26:01'),(210,34.9,86.9,1,'2024-08-22 14:26:05'),(211,30.8,85.4,1,'2024-08-22 14:26:09'),(212,32.5,81.5,1,'2024-08-22 14:26:13'),(213,30.4,80.9,1,'2024-08-22 14:26:17'),(214,34,85.5,1,'2024-08-22 14:26:21'),(215,32.4,80.8,1,'2024-08-22 14:26:25'),(216,34.7,85.1,1,'2024-08-22 14:26:29'),(217,31.1,82.3,1,'2024-08-22 14:26:33'),(218,31.8,82,1,'2024-08-22 14:26:37'),(219,30.1,89.7,1,'2024-08-22 14:26:41'),(220,31,86.7,1,'2024-08-22 14:26:45'),(221,33.1,84.5,1,'2024-08-22 14:26:49'),(222,30.6,80.3,1,'2024-08-22 14:26:53'),(223,31.1,83.9,1,'2024-08-22 14:26:57'),(224,32,83.4,1,'2024-08-22 14:27:01'),(225,32.9,82.1,1,'2024-08-22 14:27:05'),(226,34.2,85.7,1,'2024-08-22 14:27:09'),(227,32.2,85.7,1,'2024-08-22 14:27:13'),(228,31.8,84.7,1,'2024-08-22 14:27:17'),(229,33.4,84,1,'2024-08-22 14:27:20'),(230,32.7,86.9,1,'2024-08-22 14:27:24'),(231,32.5,88.5,1,'2024-08-22 14:27:28'),(232,32.3,89.3,1,'2024-08-22 14:27:32'),(233,30.1,80,1,'2024-08-22 14:27:36'),(234,30.6,89.7,1,'2024-08-22 14:27:40'),(235,31.9,87.6,1,'2024-08-22 14:27:44'),(236,30.3,81.7,1,'2024-08-22 14:27:48'),(237,31.5,86.2,1,'2024-08-22 14:27:52'),(238,30.9,87.1,1,'2024-08-22 14:27:56'),(239,34.5,80.9,1,'2024-08-22 14:28:00'),(240,33.3,81.3,1,'2024-08-22 14:28:04'),(241,33.7,84.2,1,'2024-08-22 14:28:08'),(242,34.5,80.3,1,'2024-08-22 14:28:12'),(243,30,85,1,'2024-08-22 14:28:16'),(244,31.8,82.1,1,'2024-08-22 14:28:20'),(245,32.5,84.5,1,'2024-08-22 14:28:24'),(246,33,85.8,1,'2024-08-22 14:28:28'),(247,33,86.3,1,'2024-08-22 14:28:32'),(248,34.2,89.4,1,'2024-08-22 14:28:36'),(249,33.9,80.1,1,'2024-08-22 14:28:40'),(250,31.3,89.9,1,'2024-08-22 14:28:44'),(251,32.9,90,1,'2024-08-22 14:28:48'),(252,34.4,80.2,1,'2024-08-22 14:28:52'),(253,32.4,86.5,1,'2024-08-22 14:28:56'),(254,32,80.1,1,'2024-08-22 14:29:00'),(255,30.2,81.6,1,'2024-08-22 14:29:04'),(256,33.8,84.9,1,'2024-08-22 14:29:08'),(257,31.1,84.7,1,'2024-08-22 14:29:12'),(258,30.9,80.7,1,'2024-08-22 14:29:16'),(259,31.9,89.2,1,'2024-08-22 14:29:20'),(260,30.2,84.9,1,'2024-08-22 14:29:24'),(261,30.2,81.4,1,'2024-08-22 14:29:28'),(262,31.3,88.2,1,'2024-08-22 14:29:32'),(263,30.6,81.8,1,'2024-08-22 14:29:36'),(264,35,89.3,1,'2024-08-22 14:29:40'),(265,31.6,81.9,1,'2024-08-22 14:29:44'),(266,33.7,82.9,1,'2024-08-22 14:29:48'),(267,30.8,89.3,1,'2024-08-22 14:29:52'),(268,35,83.1,1,'2024-08-22 14:29:56'),(269,33.6,85.5,1,'2024-08-22 14:30:00'),(270,34.3,80.6,1,'2024-08-22 14:30:04'),(271,32.1,87.1,1,'2024-08-22 14:30:08'),(272,33.1,85.8,1,'2024-08-22 14:30:12'),(273,31.1,89.5,1,'2024-08-22 14:30:16'),(274,34.6,89.3,1,'2024-08-22 14:30:20'),(275,33.8,80.2,1,'2024-08-22 14:30:24'),(276,32.1,84.5,1,'2024-08-22 14:30:28'),(277,32.5,83.1,1,'2024-08-22 14:30:32'),(278,31.3,87.6,1,'2024-08-22 14:30:36'),(279,31,82.8,1,'2024-08-22 14:30:40'),(280,33.7,89.3,1,'2024-08-22 14:30:44'),(281,33.7,80.2,1,'2024-08-22 14:30:48'),(282,33.7,84.7,1,'2024-08-22 14:30:51'),(283,31.2,89.2,1,'2024-08-22 14:30:55'),(284,32.9,86.3,1,'2024-08-22 14:30:59'),(285,34.6,80,1,'2024-08-22 14:31:03'),(286,31.2,89.7,1,'2024-08-22 14:31:07'),(287,32.4,89,1,'2024-08-22 14:31:11'),(288,30.1,88.8,1,'2024-08-22 14:31:15'),(289,34.7,82,1,'2024-08-22 14:31:19'),(290,33,87.6,1,'2024-08-22 14:31:23'),(291,34.5,87,1,'2024-08-22 14:31:27'),(292,31,86,1,'2024-08-22 14:31:31'),(293,31.2,80.3,1,'2024-08-22 14:31:35'),(294,31.2,80,1,'2024-08-22 14:31:39'),(295,31.4,80.1,1,'2024-08-22 14:31:43'),(296,31.1,80.1,1,'2024-08-22 14:31:47'),(297,31.1,80,1,'2024-08-22 14:31:51'),(298,31.1,80.3,1,'2024-08-22 14:31:55'),(299,31.5,81,1,'2024-08-22 14:31:59'),(300,31.1,80,1,'2024-08-22 14:32:03'),(301,31.3,80,1,'2024-08-22 14:32:07'),(302,31.3,80.5,1,'2024-08-22 14:32:11'),(303,31.4,80.7,1,'2024-08-22 14:32:15'),(304,31.5,80,1,'2024-08-22 14:32:19'),(305,71.3,30.4,1,'2024-08-22 14:32:23'),(306,71.3,30.8,1,'2024-08-22 14:32:27'),(307,71.3,31,1,'2024-08-22 14:32:31'),(308,71.2,30,1,'2024-08-22 14:32:35'),(309,71.3,30.2,1,'2024-08-22 14:32:39'),(310,71.1,30.3,1,'2024-08-22 14:32:43'),(311,71.4,30,1,'2024-08-22 14:32:47'),(312,71.3,30.7,1,'2024-08-22 14:32:51'),(313,31.1,80.3,1,'2024-08-22 14:32:55'),(314,31.2,80.1,1,'2024-08-22 14:32:59'),(315,31.1,80.1,1,'2024-08-22 14:33:03'),(316,31,81,1,'2024-08-22 14:33:07'),(317,31,81,1,'2024-08-22 14:33:11'),(318,31.1,80,1,'2024-08-22 14:33:15'),(319,31.5,80.5,1,'2024-08-22 14:33:19'),(320,31.1,80.3,1,'2024-08-22 14:33:23'),(321,31.1,80.7,1,'2024-08-22 14:33:27'),(322,31.4,80,1,'2024-08-22 14:33:31'),(323,31.5,80.9,1,'2024-08-22 14:33:35'),(324,31,80.3,1,'2024-08-22 14:33:39'),(325,31.3,80.3,1,'2024-08-22 14:33:43'),(326,31.3,80.2,1,'2024-08-22 14:33:47'),(327,31.5,80.4,1,'2024-08-22 14:33:51'),(328,31.3,80.7,1,'2024-08-22 14:33:55'),(329,31.3,80.1,1,'2024-08-22 14:33:59'),(330,31.5,80,1,'2024-08-22 14:34:03'),(331,31,80.7,1,'2024-08-22 14:34:07'),(332,31.5,80.4,1,'2024-08-22 14:34:11'),(333,31.5,80.9,1,'2024-08-22 14:34:15'),(334,31.2,80.9,1,'2024-08-22 14:34:19'),(335,31.2,80,1,'2024-08-22 14:34:23'),(336,31.1,80.3,1,'2024-08-22 14:34:27'),(337,31,80.6,1,'2024-08-22 14:34:31'),(338,31.3,80.3,1,'2024-08-22 14:34:35'),(339,31.3,80.9,1,'2024-08-22 14:34:39'),(340,31.2,80.3,1,'2024-08-22 14:34:43'),(341,31,80.5,1,'2024-08-22 14:34:47'),(342,31.5,80.3,1,'2024-08-22 14:34:51'),(343,31.3,80.9,1,'2024-08-22 14:34:55'),(344,31.1,80.8,1,'2024-08-22 14:34:59'),(345,31.4,80.2,1,'2024-08-22 14:35:03'),(346,31,80.6,1,'2024-08-22 14:35:07'),(347,31.3,81,1,'2024-08-22 14:35:11'),(348,31.4,80.9,1,'2024-08-22 14:35:15'),(349,31.2,80.3,1,'2024-08-22 14:35:19'),(350,31.5,80.5,1,'2024-08-22 14:35:23'),(351,31.4,80.3,1,'2024-08-22 14:35:27'),(352,31.2,80.7,1,'2024-08-22 14:35:31'),(353,31.3,81,1,'2024-08-22 14:35:35'),(354,31.2,80.6,1,'2024-08-22 14:35:39'),(355,31.5,81,1,'2024-08-22 14:35:43'),(356,31.4,80.4,1,'2024-08-22 14:35:47'),(357,31,80.8,1,'2024-08-22 14:35:51'),(358,31.5,80.9,1,'2024-08-22 14:35:55'),(359,31.1,80.4,1,'2024-08-22 14:35:59'),(360,31.5,80.9,1,'2024-08-22 14:36:03'),(361,31.1,81,1,'2024-08-22 14:36:07'),(362,31.2,80.6,1,'2024-08-22 14:36:11'),(363,31.5,80.2,1,'2024-08-22 14:36:15'),(364,31.1,80.8,1,'2024-08-22 14:36:19'),(365,31,80,1,'2024-08-22 14:36:23'),(366,31.2,80.2,1,'2024-08-22 14:36:27'),(367,31,80.7,1,'2024-08-22 14:36:31'),(368,31.3,80.4,1,'2024-08-22 14:36:35'),(369,31.2,80,1,'2024-08-22 14:36:39'),(370,31,80.9,1,'2024-08-22 14:36:43'),(371,31.3,80.3,1,'2024-08-22 14:36:47'),(372,31.1,80.6,1,'2024-08-22 14:36:51'),(373,31.5,80.3,1,'2024-08-22 14:36:55'),(374,31.3,80.6,1,'2024-08-22 14:36:59'),(375,31.2,80.3,1,'2024-08-22 14:37:03'),(376,31.1,80.8,1,'2024-08-22 14:37:07'),(377,31.5,80.1,1,'2024-08-22 14:37:12'),(378,31.1,80.4,1,'2024-08-22 14:37:15'),(379,31.2,80.5,1,'2024-08-22 14:37:19'),(380,31.3,80.2,1,'2024-08-22 14:37:23'),(381,31.2,80.1,1,'2024-08-22 14:37:27'),(382,31.4,80.3,1,'2024-08-22 14:37:31'),(383,31.2,80,1,'2024-08-22 14:37:35'),(384,31.3,80.4,1,'2024-08-22 14:37:39'),(385,31.5,80.4,1,'2024-08-22 14:37:43'),(386,31.1,80.5,1,'2024-08-22 14:37:47'),(387,31.4,80.5,1,'2024-08-22 14:37:51'),(388,31.3,80.7,1,'2024-08-22 14:37:55'),(389,31.4,81,1,'2024-08-22 14:37:59'),(390,31.3,80.9,1,'2024-08-22 14:38:03'),(391,31.3,80.9,1,'2024-08-22 14:38:07'),(392,31,80,1,'2024-08-22 14:38:11'),(393,31.3,80,1,'2024-08-22 14:38:15'),(394,31,80.5,1,'2024-08-22 14:38:19'),(395,31.1,80.6,1,'2024-08-22 14:38:23'),(396,31,80.5,1,'2024-08-22 14:38:27'),(397,31.5,80.3,1,'2024-08-22 14:38:31'),(398,31,80.1,1,'2024-08-22 14:38:35'),(399,31,80.9,1,'2024-08-22 14:38:39'),(400,31.4,81,1,'2024-08-22 14:38:43'),(401,31.3,80.6,1,'2024-08-22 14:38:47'),(402,31.3,80.3,1,'2024-08-22 14:38:51'),(403,31.1,80.8,1,'2024-08-22 14:38:54'),(404,31.1,80.1,1,'2024-08-22 14:38:58'),(405,31.4,80.1,1,'2024-08-22 14:39:02'),(406,31,80.3,1,'2024-08-22 14:39:06'),(407,31.2,80.3,1,'2024-08-22 14:39:10'),(408,31.2,80,1,'2024-08-22 14:39:14'),(409,31.1,80.9,1,'2024-08-22 14:39:18'),(410,31.5,80.8,1,'2024-08-22 14:39:22'),(411,31.5,80.6,1,'2024-08-22 14:39:26'),(412,31.4,80.8,1,'2024-08-22 14:39:30'),(413,31,80.4,1,'2024-08-22 14:39:34'),(414,31.4,80.1,1,'2024-08-22 14:39:38'),(415,31.3,80.9,1,'2024-08-22 14:39:42'),(416,31.2,81,1,'2024-08-22 14:39:46'),(417,31.5,80.2,1,'2024-08-22 14:39:50'),(418,31.2,80.9,1,'2024-08-22 14:39:54'),(419,31.1,80.6,1,'2024-08-22 14:39:58'),(420,31,80,1,'2024-08-22 14:40:02'),(421,31.1,80.5,1,'2024-08-22 14:40:06'),(422,31.2,80,1,'2024-08-22 14:40:10'),(423,31,80.6,1,'2024-08-22 14:40:14'),(424,31.5,80.7,1,'2024-08-22 14:40:18'),(425,31.4,80.7,1,'2024-08-22 14:40:22'),(426,31.5,80.4,1,'2024-08-22 14:40:26'),(427,31.4,80.8,1,'2024-08-22 14:40:30'),(428,31,80.8,1,'2024-08-22 14:40:34'),(429,31.1,81,1,'2024-08-22 14:40:38'),(430,31.3,80.7,1,'2024-08-22 14:40:42'),(431,31.2,80.7,1,'2024-08-22 14:40:46'),(432,31,80.7,1,'2024-08-22 14:40:50'),(433,31.4,81,1,'2024-08-22 14:40:54'),(434,31.4,80.5,1,'2024-08-22 14:40:58'),(435,31.5,81,1,'2024-08-22 14:41:02'),(436,31.1,80,1,'2024-08-22 14:41:06'),(437,31.5,80.7,1,'2024-08-22 14:41:10'),(438,31.3,80.9,1,'2024-08-22 14:41:14'),(439,31.2,80.6,1,'2024-08-22 14:41:18'),(440,31.5,80.1,1,'2024-08-22 14:41:22'),(441,31.3,80.2,1,'2024-08-22 14:41:26'),(442,31.5,80.3,1,'2024-08-22 14:41:30'),(443,31.3,80.6,1,'2024-08-22 14:41:34'),(444,31.4,81,1,'2024-08-22 14:41:38'),(445,31.2,80.8,1,'2024-08-22 14:41:42'),(446,31.3,80.4,1,'2024-08-22 14:41:46'),(447,31.5,80.7,1,'2024-08-22 14:41:50'),(448,31.2,80.6,1,'2024-08-22 14:41:54'),(449,31.5,80.5,1,'2024-08-22 14:41:58'),(450,31,80.8,1,'2024-08-22 14:42:02'),(451,31,80.4,1,'2024-08-22 14:42:06'),(452,31.4,80,1,'2024-08-22 14:42:10'),(453,31,80.5,1,'2024-08-22 14:42:14'),(454,31,80,1,'2024-08-22 14:42:18'),(455,31.2,80.7,1,'2024-08-22 14:42:22'),(456,31.2,81,1,'2024-08-22 14:42:26'),(457,31.4,80,1,'2024-08-22 14:42:30'),(458,31.3,80.2,1,'2024-08-22 14:42:34'),(459,31.4,80.8,1,'2024-08-22 14:42:38'),(460,31,80.1,1,'2024-08-22 14:42:42'),(461,31.1,80.5,1,'2024-08-22 14:42:46'),(462,31.5,81,1,'2024-08-22 14:42:50'),(463,31.4,80.7,1,'2024-08-22 14:42:54'),(464,31.2,80.8,1,'2024-08-22 14:42:58'),(465,31.2,80,1,'2024-08-22 14:43:02'),(466,31.3,80.1,1,'2024-08-22 14:43:06'),(467,31.4,80.2,1,'2024-08-22 14:43:10'),(468,31.5,80.3,1,'2024-08-22 14:43:14'),(469,31.5,80,1,'2024-08-22 14:43:18'),(470,31,80.4,1,'2024-08-22 14:43:22'),(471,31,80.1,1,'2024-08-22 14:43:26'),(472,31.5,80.3,1,'2024-08-22 14:43:30'),(473,31.2,80.3,1,'2024-08-22 14:43:34'),(474,31.2,80.3,1,'2024-08-22 14:43:38'),(475,31.5,80,1,'2024-08-22 14:43:42'),(476,31.4,80.2,1,'2024-08-22 14:43:46'),(477,31,80.4,1,'2024-08-22 14:43:50'),(478,31,80.6,1,'2024-08-22 14:43:54'),(479,31.2,80.2,1,'2024-08-22 14:43:58'),(480,31.1,80.4,1,'2024-08-22 14:44:02'),(481,31.3,80.3,1,'2024-08-22 14:44:06'),(482,31.4,80.7,1,'2024-08-22 14:44:10'),(483,31.3,80.8,1,'2024-08-22 14:44:14'),(484,31,80.7,1,'2024-08-22 14:44:18'),(485,31.3,80,1,'2024-08-22 14:44:22'),(486,31.2,80.7,1,'2024-08-22 14:44:26'),(487,31.4,80.2,1,'2024-08-22 14:44:30'),(488,31.1,80.1,1,'2024-08-22 14:44:34'),(489,31,81,1,'2024-08-22 14:44:38'),(490,31.4,80.3,1,'2024-08-22 14:44:42'),(491,31.2,80.8,1,'2024-08-22 14:44:46'),(492,31.1,80.6,1,'2024-08-22 14:44:50'),(493,31,80.8,1,'2024-08-22 14:44:54'),(494,31.2,80.3,1,'2024-08-22 14:44:58'),(495,31.3,80.4,1,'2024-08-22 14:45:02'),(496,31.1,80.7,1,'2024-08-22 14:45:06'),(497,31.3,80.4,1,'2024-08-22 14:45:10'),(498,31.1,80.6,1,'2024-08-22 14:45:14'),(499,31.5,80.7,1,'2024-08-22 14:45:18'),(500,31,80,1,'2024-08-22 14:45:22'),(501,31,80.1,1,'2024-08-22 14:45:26'),(502,31,80.8,1,'2024-08-22 14:45:30'),(503,31.4,80.4,1,'2024-08-22 14:45:34'),(504,31.4,80.5,1,'2024-08-22 14:45:38'),(505,31.1,80.9,1,'2024-08-22 14:45:42'),(506,31,81,1,'2024-08-22 14:45:46'),(507,31.4,80,1,'2024-08-22 14:45:50'),(508,31.5,80.5,1,'2024-08-22 14:45:54'),(509,31.5,81,1,'2024-08-22 14:45:58'),(510,31.1,80.9,1,'2024-08-22 14:46:02'),(511,31.3,80.9,1,'2024-08-22 14:46:06'),(512,31.5,80.3,1,'2024-08-22 14:46:10'),(513,31.5,80.6,1,'2024-08-22 14:46:14'),(514,31.4,80.5,1,'2024-08-22 14:46:18'),(515,31.5,80.4,1,'2024-08-22 14:46:22'),(516,31.3,80.2,1,'2024-08-22 14:46:26'),(517,31.5,80.1,1,'2024-08-22 14:46:30'),(518,31.5,80.8,1,'2024-08-22 14:46:34'),(519,31.4,80.4,1,'2024-08-22 14:46:38'),(520,31.1,80.4,1,'2024-08-22 14:46:42'),(521,31.5,80.1,1,'2024-08-22 14:46:46'),(522,31.3,80.6,1,'2024-08-22 14:46:50'),(523,31.5,81,1,'2024-08-22 14:46:54'),(524,31.5,80.3,1,'2024-08-22 14:46:58'),(525,31.1,81,1,'2024-08-22 14:47:02'),(526,31.5,80.1,1,'2024-08-22 14:47:06'),(527,31.1,80.9,1,'2024-08-22 14:47:10'),(528,31.4,80.2,1,'2024-08-22 14:47:14'),(529,31,80.8,1,'2024-08-22 14:47:18'),(530,31.3,80.2,1,'2024-08-22 14:47:22'),(531,31.1,80.4,1,'2024-08-22 14:47:26'),(532,31.4,80.2,1,'2024-08-22 14:47:30'),(533,31.3,80.9,1,'2024-08-22 14:47:34'),(534,31.5,80.8,1,'2024-08-22 14:47:38'),(535,31.1,80.5,1,'2024-08-22 14:47:42'),(536,31.4,80.7,1,'2024-08-22 14:47:46'),(537,31,80.8,1,'2024-08-22 14:47:50'),(538,31.4,80.3,1,'2024-08-22 14:47:54'),(539,31,81,1,'2024-08-22 14:47:58'),(540,31,80.6,1,'2024-08-22 14:48:02'),(541,31.3,80.5,1,'2024-08-22 14:48:06'),(542,31.1,81,1,'2024-08-22 14:48:10'),(543,31.4,80.9,1,'2024-08-22 14:48:14'),(544,31,80.8,1,'2024-08-22 14:48:18'),(545,31,80.9,1,'2024-08-22 14:48:22'),(546,31,80.3,1,'2024-08-22 14:48:26'),(547,31.1,80.8,1,'2024-08-22 14:48:30'),(548,31,80.5,1,'2024-08-22 14:48:34'),(549,31.5,80.8,1,'2024-08-22 14:48:38'),(550,31.4,80.4,1,'2024-08-22 14:48:42'),(551,31,81,1,'2024-08-22 14:48:46'),(552,31.4,80.3,1,'2024-08-22 14:48:50'),(553,31,80.2,1,'2024-08-22 14:48:54'),(554,31.4,80.9,1,'2024-08-22 14:48:58'),(555,31.3,80.8,1,'2024-08-22 14:49:02'),(556,31.1,80,1,'2024-08-22 14:49:06'),(557,31.3,80,1,'2024-08-22 14:49:10'),(558,31.3,80.9,1,'2024-08-22 14:49:14'),(559,31.4,80.7,1,'2024-08-22 14:49:18'),(560,31,80.8,1,'2024-08-22 14:49:22'),(561,31.2,81,1,'2024-08-22 14:49:26'),(562,31,80.3,1,'2024-08-22 14:49:30'),(563,31.2,80.6,1,'2024-08-22 14:49:34'),(564,31.4,80,1,'2024-08-22 14:49:38'),(565,31,80.5,1,'2024-08-22 14:49:42'),(566,31.1,80.2,1,'2024-08-22 14:49:46'),(567,31.4,80.9,1,'2024-08-22 14:49:50'),(568,31.5,80.8,1,'2024-08-22 14:49:54'),(569,31.3,80.3,1,'2024-08-22 14:49:58'),(570,31,80.7,1,'2024-08-22 14:50:02'),(571,31.4,80.9,1,'2024-08-22 14:50:06'),(572,31,80.7,1,'2024-08-22 14:50:10'),(573,31.1,80.7,1,'2024-08-22 14:50:14'),(574,31.4,80.3,1,'2024-08-22 14:50:18'),(575,31.4,80.4,1,'2024-08-22 14:50:22'),(576,31,80.9,1,'2024-08-22 14:50:26'),(577,31,80,1,'2024-08-22 14:50:30'),(578,31.1,81,1,'2024-08-22 14:50:34'),(579,31.1,80.5,1,'2024-08-22 14:50:38'),(580,31.3,80.7,1,'2024-08-22 14:50:42'),(581,31.1,80.8,1,'2024-08-22 14:50:46'),(582,31,80.9,1,'2024-08-22 14:50:50'),(583,31.1,81,1,'2024-08-22 14:50:54'),(584,31,81,1,'2024-08-22 14:50:58'),(585,31.2,80.4,1,'2024-08-22 14:51:02'),(586,31.4,80.8,1,'2024-08-22 14:51:06'),(587,31.5,81,1,'2024-08-22 14:51:10'),(588,31,80.6,1,'2024-08-22 14:51:14'),(589,31.5,80.9,1,'2024-08-22 14:51:18'),(590,31.1,80.9,1,'2024-08-22 14:51:22'),(591,31.3,80,1,'2024-08-22 14:51:26'),(592,31.2,80.1,1,'2024-08-22 14:51:30'),(593,31,80,1,'2024-08-22 14:51:34'),(594,31,81,1,'2024-08-22 14:51:38'),(595,31.2,80.6,1,'2024-08-22 14:51:42'),(596,31,80.8,1,'2024-08-22 14:51:46'),(597,31.4,80.3,1,'2024-08-22 14:51:50'),(598,31.4,81,1,'2024-08-22 14:51:54'),(599,31,80.5,1,'2024-08-22 14:51:58'),(600,31.3,80.6,1,'2024-08-22 14:52:02'),(601,31,80.3,1,'2024-08-22 14:52:06'),(602,31,80,1,'2024-08-22 14:52:10'),(603,31,80.5,1,'2024-08-22 14:52:14'),(604,31.4,80.8,1,'2024-08-22 14:52:18'),(605,31.4,80.1,1,'2024-08-22 14:52:22'),(606,31.4,81,1,'2024-08-22 14:52:26'),(607,31.4,80.1,1,'2024-08-22 14:52:30'),(608,31.1,80,1,'2024-08-22 14:52:34'),(609,31.2,80.9,1,'2024-08-22 14:52:38'),(610,31.2,80.7,1,'2024-08-22 14:52:42'),(611,31,80.9,1,'2024-08-22 14:52:46'),(612,31.3,80.4,1,'2024-08-22 14:52:50'),(613,31.3,80.5,1,'2024-08-22 14:52:54'),(614,31.2,80.5,1,'2024-08-22 14:52:58'),(615,31.5,80.3,1,'2024-08-22 14:53:02'),(616,31,80.4,1,'2024-08-22 14:53:06'),(617,31.4,80.9,1,'2024-08-22 14:53:10'),(618,31.4,80.7,1,'2024-08-22 14:53:14'),(619,31,80.6,1,'2024-08-22 14:53:18'),(620,31.5,80.7,1,'2024-08-22 14:53:22'),(621,31,80.4,1,'2024-08-22 14:53:26'),(622,31.1,80.4,1,'2024-08-22 14:53:30'),(623,31.5,80,1,'2024-08-22 14:53:34'),(624,31,80.5,1,'2024-08-22 14:53:38'),(625,31.2,80.6,1,'2024-08-22 14:53:42'),(626,31,80.5,1,'2024-08-22 14:53:46'),(627,31.3,80.1,1,'2024-08-22 14:53:50'),(628,31.4,80.3,1,'2024-08-22 14:53:54'),(629,31.2,80.4,1,'2024-08-22 14:53:58'),(630,31,80.3,1,'2024-08-22 14:54:02'),(631,31.5,80.3,1,'2024-08-22 14:54:06'),(632,31,80,1,'2024-08-22 14:54:10'),(633,31.5,80,1,'2024-08-22 14:54:14'),(634,31,80.5,1,'2024-08-22 14:54:18'),(635,31.3,80.7,1,'2024-08-22 14:54:22'),(636,31.5,80.1,1,'2024-08-22 14:54:26'),(637,31.1,80.5,1,'2024-08-22 14:54:30'),(638,31.1,80.2,1,'2024-08-22 14:54:34'),(639,31.3,80.8,1,'2024-08-22 14:54:38'),(640,31.2,80.4,1,'2024-08-22 14:54:42'),(641,31.5,80.7,1,'2024-08-22 14:54:46'),(642,31.2,81,1,'2024-08-22 14:54:50'),(643,31.4,80.1,1,'2024-08-22 14:54:54'),(644,31.1,80.6,1,'2024-08-22 14:54:58'),(645,31.5,80.8,1,'2024-08-22 14:55:02'),(646,31.2,80,1,'2024-08-22 14:55:06'),(647,31,80,1,'2024-08-22 14:55:10'),(648,31,81,1,'2024-08-22 14:55:14'),(649,31.3,80.8,1,'2024-08-22 14:55:18'),(650,31.3,80,1,'2024-08-22 14:55:22'),(651,31,80.5,1,'2024-08-22 14:55:26'),(652,31.4,80.8,1,'2024-08-22 14:55:30'),(653,31,80.4,1,'2024-08-22 14:55:34'),(654,31.3,80.8,1,'2024-08-22 14:55:38'),(655,31.3,80,1,'2024-08-22 14:55:42'),(656,31.1,80,1,'2024-08-22 14:55:46'),(657,31.3,81,1,'2024-08-22 14:55:50'),(658,31.4,80,1,'2024-08-22 14:55:54'),(659,31.5,80.5,1,'2024-08-22 14:55:58'),(660,31.1,80.1,1,'2024-08-22 14:56:02'),(661,31.2,80.6,1,'2024-08-22 14:56:06'),(662,31.5,80.8,1,'2024-08-22 14:56:10'),(663,31.1,80.6,1,'2024-08-22 14:56:14'),(664,31.4,80.6,1,'2024-08-22 14:56:18'),(665,31.1,80.6,1,'2024-08-22 14:56:22'),(666,31.4,80.7,1,'2024-08-22 14:56:26'),(667,31.3,80.9,1,'2024-08-22 14:56:30'),(668,31.1,80.7,1,'2024-08-22 14:56:34'),(669,31,80,1,'2024-08-22 14:56:38'),(670,31.1,80.2,1,'2024-08-22 14:56:42'),(671,31.2,80.6,1,'2024-08-22 14:56:46'),(672,31,80.9,1,'2024-08-22 14:56:50'),(673,31.4,80.6,1,'2024-08-22 14:56:54'),(674,31,80.4,1,'2024-08-22 14:56:58'),(675,31.1,80,1,'2024-08-22 14:57:02'),(676,31,80,1,'2024-08-22 14:57:06'),(677,31.2,80.8,1,'2024-08-22 14:57:10'),(678,31.1,80,1,'2024-08-22 14:57:14'),(679,31,80.3,1,'2024-08-22 14:57:18'),(680,31.5,80.9,1,'2024-08-22 14:57:22'),(681,31.4,80.2,1,'2024-08-22 14:57:26'),(682,31.1,80.8,1,'2024-08-22 14:57:30'),(683,31.5,80.7,1,'2024-08-22 14:57:34'),(684,31,80.5,1,'2024-08-22 14:57:38'),(685,31.3,80.8,1,'2024-08-22 14:57:42'),(686,31.1,80.7,1,'2024-08-22 14:57:46'),(687,31.1,80.1,1,'2024-08-22 14:57:50'),(688,31,80.6,1,'2024-08-22 14:57:54'),(689,31.5,80.7,1,'2024-08-22 14:57:58'),(690,31.2,80.7,1,'2024-08-22 14:58:02'),(691,31.3,80.7,1,'2024-08-22 14:58:06'),(692,31.3,80.6,1,'2024-08-22 14:58:10'),(693,31.3,80.4,1,'2024-08-22 14:58:14'),(694,31.1,81,1,'2024-08-22 14:58:18'),(695,31.1,81,1,'2024-08-22 14:58:22'),(696,31,80.7,1,'2024-08-22 14:58:26'),(697,31.4,81,1,'2024-08-22 14:58:30'),(698,31.5,80.1,1,'2024-08-22 14:58:34'),(699,31.3,80.9,1,'2024-08-22 14:58:38'),(700,31.5,80.7,1,'2024-08-22 14:58:42'),(701,31.2,80.9,1,'2024-08-22 14:58:46'),(702,31.3,80.4,1,'2024-08-22 14:58:50'),(703,31.3,80.4,1,'2024-08-22 14:58:54'),(704,31,80.7,1,'2024-08-22 14:58:58'),(705,31.3,80.8,1,'2024-08-22 14:59:02'),(706,31,81,1,'2024-08-22 14:59:06'),(707,31.2,80.3,1,'2024-08-22 14:59:10'),(708,31.4,80.6,1,'2024-08-22 14:59:14'),(709,31,80.8,1,'2024-08-22 14:59:18'),(710,31.1,80.3,1,'2024-08-22 14:59:22'),(711,31.4,80.6,1,'2024-08-22 14:59:26'),(712,31.2,80.8,1,'2024-08-22 14:59:30'),(713,31.3,80.8,1,'2024-08-22 14:59:34'),(714,31.2,80.6,1,'2024-08-22 14:59:38'),(715,31.4,80.7,1,'2024-08-22 14:59:42'),(716,31.4,80.6,1,'2024-08-22 14:59:46'),(717,31.3,80.6,1,'2024-08-22 14:59:50'),(718,31.5,80.6,1,'2024-08-22 14:59:54'),(719,31.1,80.1,1,'2024-08-22 14:59:58'),(720,31,80.1,1,'2024-08-22 15:00:02'),(721,31,80.3,1,'2024-08-22 15:00:06'),(722,31.1,80.9,1,'2024-08-22 15:00:10'),(723,31.3,80.2,1,'2024-08-22 15:00:14'),(724,31.4,80.1,1,'2024-08-22 15:00:18'),(725,31.5,80.4,1,'2024-08-22 15:00:22'),(726,31.3,80.1,1,'2024-08-22 15:00:26'),(727,31.2,80.1,1,'2024-08-22 15:00:30'),(728,31,80.3,1,'2024-08-22 15:00:34'),(729,31.4,81,1,'2024-08-22 15:00:38'),(730,31.2,80.6,1,'2024-08-22 15:00:42'),(731,31.5,80.2,1,'2024-08-22 15:00:46'),(732,31.3,80.3,1,'2024-08-22 15:00:50'),(733,31.4,80.4,1,'2024-08-22 15:00:54'),(734,31.5,80.2,1,'2024-08-22 15:00:58'),(735,31.4,80.1,1,'2024-08-22 15:01:02'),(736,31.2,80.4,1,'2024-08-22 15:01:06'),(737,31.5,80.9,1,'2024-08-22 15:01:10'),(738,31.4,80.5,1,'2024-08-22 15:01:14'),(739,31.2,80.7,1,'2024-08-22 15:01:18'),(740,31.3,80.7,1,'2024-08-22 15:01:22'),(741,31.2,80.4,1,'2024-08-22 15:01:26'),(742,31,80.9,1,'2024-08-22 15:01:30'),(743,31.1,80.1,1,'2024-08-22 15:01:34'),(744,31.4,80.3,1,'2024-08-22 15:01:38'),(745,31.5,80.3,1,'2024-08-22 15:01:42'),(746,31.4,80.6,1,'2024-08-22 15:01:46'),(747,31.1,80.1,1,'2024-08-22 15:01:50'),(748,31.1,80.2,1,'2024-08-22 15:01:54'),(749,31.3,80.1,1,'2024-08-22 15:01:58'),(750,31.2,80.1,1,'2024-08-22 15:02:02'),(751,31.5,80,1,'2024-08-22 15:02:06'),(752,31.3,80.5,1,'2024-08-22 15:02:10'),(753,31.4,80.3,1,'2024-08-22 15:02:14'),(754,31.4,81,1,'2024-08-22 15:02:18'),(755,31.1,80.8,1,'2024-08-22 15:02:22'),(756,31.1,80.5,1,'2024-08-22 15:02:26'),(757,31.2,80.4,1,'2024-08-22 15:02:30'),(758,31.2,80.9,1,'2024-08-22 15:02:34'),(759,31.3,81,1,'2024-08-22 15:02:38'),(760,31.1,80.4,1,'2024-08-22 15:02:42'),(761,31.1,80.8,1,'2024-08-22 15:02:46'),(762,31.4,80.7,1,'2024-08-22 15:02:50'),(763,31.3,80.5,1,'2024-08-22 15:02:54'),(764,31.4,80.8,1,'2024-08-22 15:02:58'),(765,31.1,80.4,1,'2024-08-22 15:03:02'),(766,31.1,80.5,1,'2024-08-22 15:03:06'),(767,31.4,80.6,1,'2024-08-22 15:03:10'),(768,31.2,80.9,1,'2024-08-22 15:03:14'),(769,31.5,80.8,1,'2024-08-22 15:03:18'),(770,31.3,80.7,1,'2024-08-22 15:03:22'),(771,31.5,80.7,1,'2024-08-22 15:03:26'),(772,31.3,80.1,1,'2024-08-22 15:03:30'),(773,31.4,80.6,1,'2024-08-22 15:03:34'),(774,31.4,80.3,1,'2024-08-22 15:03:38'),(775,31.5,80.2,1,'2024-08-22 15:03:42'),(776,31.5,80.8,1,'2024-08-22 15:03:46'),(777,31.1,80.5,1,'2024-08-22 15:03:50'),(778,31.3,81,1,'2024-08-22 15:03:54'),(779,31.4,80.8,1,'2024-08-22 15:03:58'),(780,31.2,81,1,'2024-08-22 15:04:02'),(781,31.2,80.6,1,'2024-08-22 15:04:06'),(782,31.1,80.9,1,'2024-08-22 15:04:10'),(783,31,80.4,1,'2024-08-22 15:04:14'),(784,31,80.7,1,'2024-08-22 15:04:18'),(785,31.5,80.1,1,'2024-08-22 15:04:22'),(786,31.3,80.9,1,'2024-08-22 15:04:26'),(787,31.5,80,1,'2024-08-22 15:04:30'),(788,31.1,80.5,1,'2024-08-22 15:04:34'),(789,31.3,81,1,'2024-08-22 15:04:38'),(790,31.2,80,1,'2024-08-22 15:04:42'),(791,31.4,80.7,1,'2024-08-22 15:04:46'),(792,31.3,80.9,1,'2024-08-22 15:04:50'),(793,31,80.8,1,'2024-08-22 15:04:54'),(794,31.2,80.9,1,'2024-08-22 15:04:58'),(795,31,80.2,1,'2024-08-22 15:05:02'),(796,31.1,81,1,'2024-08-22 15:05:06'),(797,31,80.1,1,'2024-08-22 15:05:10'),(798,31.5,80,1,'2024-08-22 15:05:14'),(799,31.5,80,1,'2024-08-22 15:05:18'),(800,31.2,80,1,'2024-08-22 15:05:22'),(801,31,80.8,1,'2024-08-22 15:05:26'),(802,31.4,80,1,'2024-08-22 15:05:30'),(803,31.3,80.2,1,'2024-08-22 15:05:34'),(804,31.5,81,1,'2024-08-22 15:05:38'),(805,31.4,80.9,1,'2024-08-22 15:05:42'),(806,31.4,80.1,1,'2024-08-22 15:05:46'),(807,31.5,80.6,1,'2024-08-22 15:05:50'),(808,31.4,80,1,'2024-08-22 15:05:54'),(809,31.5,80.6,1,'2024-08-22 15:05:58'),(810,31.4,80.9,1,'2024-08-22 15:06:02'),(811,31,80.5,1,'2024-08-22 15:06:06'),(812,31.2,80.3,1,'2024-08-22 15:06:10'),(813,31.4,81,1,'2024-08-22 15:06:14'),(814,31.3,80.7,1,'2024-08-22 15:06:18'),(815,31.4,80.2,1,'2024-08-22 15:06:22'),(816,31.4,80.6,1,'2024-08-22 15:06:26'),(817,31.4,81,1,'2024-08-22 15:06:30'),(818,31.5,80.3,1,'2024-08-22 15:06:34'),(819,31.1,80.7,1,'2024-08-22 15:06:38'),(820,31.2,80.7,1,'2024-08-22 15:06:42'),(821,31.3,80.5,1,'2024-08-22 15:06:46'),(822,31.5,81,1,'2024-08-22 15:06:50'),(823,31,80.1,1,'2024-08-22 15:06:54'),(824,31.1,80.7,1,'2024-08-22 15:06:58'),(825,31.2,80.1,1,'2024-08-22 15:07:02'),(826,31.1,80,1,'2024-08-22 15:07:06'),(827,31.4,80.4,1,'2024-08-22 15:07:10'),(828,31.2,80,1,'2024-08-22 15:07:14'),(829,31.1,80.5,1,'2024-08-22 15:07:18'),(830,31.4,80.8,1,'2024-08-22 15:07:22'),(831,31.5,80,1,'2024-08-22 15:07:26'),(832,31.2,80.6,1,'2024-08-22 15:07:30'),(833,31.5,80.5,1,'2024-08-22 15:07:34'),(834,31.5,80.9,1,'2024-08-22 15:07:38'),(835,31.2,81,1,'2024-08-22 15:07:42'),(836,31.5,80.3,1,'2024-08-22 15:07:46'),(837,31.3,80.5,1,'2024-08-22 15:07:50'),(838,31.1,80.4,1,'2024-08-22 15:07:54'),(839,31.4,80.4,1,'2024-08-22 15:07:58'),(840,31.2,80.1,1,'2024-08-22 15:08:02'),(841,31.1,80.5,1,'2024-08-22 15:08:06'),(842,31.5,81,1,'2024-08-22 15:08:10'),(843,31.3,80.7,1,'2024-08-22 15:08:14'),(844,31.5,80.5,1,'2024-08-22 15:08:18'),(845,31.1,80.7,1,'2024-08-22 15:08:22'),(846,31.4,80.4,1,'2024-08-22 15:08:26'),(847,31,80.2,1,'2024-08-22 15:08:30'),(848,31.5,80.1,1,'2024-08-22 15:08:34'),(849,31.4,80.9,1,'2024-08-22 15:08:38'),(850,31.5,81,1,'2024-08-22 15:08:42'),(851,31.2,81,1,'2024-08-22 15:08:46'),(852,31.3,80.4,1,'2024-08-22 15:08:50'),(853,31.4,80.1,1,'2024-08-22 15:08:54'),(854,31.3,80.8,1,'2024-08-22 15:08:58'),(855,31.1,80.3,1,'2024-08-22 15:09:02'),(856,31.3,80.6,1,'2024-08-22 15:09:06'),(857,31.4,81,1,'2024-08-22 15:09:10'),(858,31.3,80.4,1,'2024-08-22 15:09:14'),(859,31.4,80.3,1,'2024-08-22 15:09:18'),(860,31.4,80.8,1,'2024-08-22 15:09:22'),(861,31,80.5,1,'2024-08-22 15:09:26'),(862,31.4,80.7,1,'2024-08-22 15:09:30'),(863,31,80.5,1,'2024-08-22 15:09:34'),(864,31.1,80.8,1,'2024-08-22 15:09:38'),(865,31,80.7,1,'2024-08-22 15:09:42'),(866,31.3,80.4,1,'2024-08-22 15:09:46'),(867,31.3,80.6,1,'2024-08-22 15:09:50'),(868,31,80.3,1,'2024-08-22 15:09:54'),(869,31.4,80.6,1,'2024-08-22 15:09:58'),(870,31.1,80.5,1,'2024-08-22 15:10:02'),(871,31,80,1,'2024-08-22 15:10:06'),(872,31.3,80.7,1,'2024-08-22 15:10:10'),(873,31.4,80.5,1,'2024-08-22 15:10:14'),(874,31,80.3,1,'2024-08-22 15:10:18'),(875,31.1,80.6,1,'2024-08-22 15:10:22'),(876,31.4,81,1,'2024-08-22 15:10:26'),(877,31.2,81,1,'2024-08-22 15:10:30'),(878,31.1,80.5,1,'2024-08-22 15:10:34'),(879,31.5,80.5,1,'2024-08-22 15:10:38'),(880,31.4,80.8,1,'2024-08-22 15:10:42'),(881,31.2,80.4,1,'2024-08-22 15:10:46'),(882,31.4,80.3,1,'2024-08-22 15:10:50'),(883,31.5,80.1,1,'2024-08-22 15:10:54'),(884,31.1,80.4,1,'2024-08-22 15:10:58'),(885,31.2,80.5,1,'2024-08-22 15:11:02'),(886,31.3,80.8,1,'2024-08-22 15:11:06'),(887,31.5,80.5,1,'2024-08-22 15:11:10'),(888,31.4,80.2,1,'2024-08-22 15:11:14'),(889,31.5,80.8,1,'2024-08-22 15:11:18'),(890,31.3,80.3,1,'2024-08-22 15:11:22'),(891,31,80.7,1,'2024-08-22 15:11:26'),(892,31.4,80.9,1,'2024-08-22 15:11:30'),(893,31,80.9,1,'2024-08-22 15:11:34'),(894,31.3,80.4,1,'2024-08-22 15:11:38'),(895,31.2,80.3,1,'2024-08-22 15:11:42'),(896,31.3,80.8,1,'2024-08-22 15:11:46'),(897,31.5,80.9,1,'2024-08-22 15:11:50'),(898,31.1,80.9,1,'2024-08-22 15:11:54'),(899,31,80.1,1,'2024-08-22 15:11:58'),(900,31.4,80,1,'2024-08-22 15:12:02'),(901,31.2,80.1,1,'2024-08-22 15:12:06'),(902,31.3,80.4,1,'2024-08-22 15:12:10'),(903,31.4,80.1,1,'2024-08-22 15:12:14'),(904,31.2,80.8,1,'2024-08-22 15:12:18'),(905,31,80.6,1,'2024-08-22 15:12:22'),(906,31.1,81,1,'2024-08-22 15:12:26'),(907,31.1,81,1,'2024-08-22 15:12:30'),(908,31,81,1,'2024-08-22 15:12:34'),(909,31.4,80.8,1,'2024-08-22 15:12:38'),(910,31.1,80.4,1,'2024-08-22 15:12:42'),(911,31.4,80.1,1,'2024-08-22 15:12:46'),(912,31.4,80,1,'2024-08-22 15:12:50'),(913,31.3,80.4,1,'2024-08-22 15:12:54'),(914,31.2,80.8,1,'2024-08-22 15:12:58'),(915,31.3,81,1,'2024-08-22 15:13:02'),(916,31.1,80.6,1,'2024-08-22 15:13:06'),(917,31.4,80.8,1,'2024-08-22 15:13:10'),(918,31.3,81,1,'2024-08-22 15:13:14'),(919,31.4,80.5,1,'2024-08-22 15:13:18'),(920,31.1,80.6,1,'2024-08-22 15:13:22'),(921,31.1,80.4,1,'2024-08-22 15:13:26'),(922,31.5,80.7,1,'2024-08-22 15:13:30'),(923,31.4,80,1,'2024-08-22 15:13:34'),(924,31.4,80.7,1,'2024-08-22 15:13:38'),(925,31.3,80.5,1,'2024-08-22 15:13:42'),(926,31.3,80.2,1,'2024-08-22 15:13:46'),(927,31.4,81,1,'2024-08-22 15:13:50'),(928,31.1,80.9,1,'2024-08-22 15:13:54'),(929,31.1,80.7,1,'2024-08-22 15:13:58'),(930,31.5,80.7,1,'2024-08-22 15:14:02'),(931,31.4,80.2,1,'2024-08-22 15:14:06'),(932,31.2,81,1,'2024-08-22 15:14:10'),(933,31.4,80.8,1,'2024-08-22 15:14:14'),(934,31,80.9,1,'2024-08-22 15:14:18'),(935,31.4,80.2,1,'2024-08-22 15:14:22'),(936,31.4,81,1,'2024-08-22 15:14:26'),(937,31.4,80.5,1,'2024-08-22 15:14:30'),(938,31,80.5,1,'2024-08-22 15:14:34'),(939,31.1,80,1,'2024-08-22 15:14:38'),(940,31.4,80.8,1,'2024-08-22 15:14:42'),(941,31.1,80.5,1,'2024-08-22 15:14:46'),(942,31.2,80.4,1,'2024-08-22 15:14:50'),(943,31.5,80.8,1,'2024-08-22 15:14:54'),(944,31.1,80.8,1,'2024-08-22 15:14:58'),(945,31.4,80.7,1,'2024-08-22 15:15:02'),(946,31.2,80.1,1,'2024-08-22 15:15:06'),(947,31,80.9,1,'2024-08-22 15:15:10'),(948,31.4,80.4,1,'2024-08-22 15:15:14'),(949,31.1,80.2,1,'2024-08-22 15:15:18'),(950,31.5,80.7,1,'2024-08-22 15:15:22'),(951,31.2,80.7,1,'2024-08-22 15:15:26'),(952,31.3,80.3,1,'2024-08-22 15:15:30'),(953,31.3,80.4,1,'2024-08-22 15:15:34'),(954,31.5,81,1,'2024-08-22 15:15:38'),(955,31.1,80.1,1,'2024-08-22 15:15:42'),(956,31.5,80.1,1,'2024-08-22 15:15:46'),(957,31.2,81,1,'2024-08-22 15:15:50'),(958,31.2,80,1,'2024-08-22 15:15:54'),(959,31.5,80.9,1,'2024-08-22 15:15:58'),(960,31.2,80.5,1,'2024-08-22 15:16:02'),(961,31.5,80.1,1,'2024-08-22 15:16:06'),(962,31,80.1,1,'2024-08-22 15:16:10'),(963,31.2,80.3,1,'2024-08-22 15:16:14'),(964,31.3,80.1,1,'2024-08-22 15:16:18'),(965,31.3,80.3,1,'2024-08-22 15:16:22'),(966,31.5,80.1,1,'2024-08-22 15:16:26'),(967,31.1,80.5,1,'2024-08-22 15:16:30'),(968,31.4,80.4,1,'2024-08-22 15:16:34'),(969,31.5,80.4,1,'2024-08-22 15:16:38'),(970,31.2,80.9,1,'2024-08-22 15:16:42'),(971,31.4,80.6,1,'2024-08-22 15:16:46'),(972,31,81,1,'2024-08-22 15:16:50'),(973,31.1,80,1,'2024-08-22 15:16:54'),(974,31.2,80.6,1,'2024-08-22 15:16:58'),(975,31,80.3,1,'2024-08-22 15:17:02'),(976,31.4,80.9,1,'2024-08-22 15:17:06'),(977,31.5,80.6,1,'2024-08-22 15:17:10'),(978,31.3,80.2,1,'2024-08-22 15:17:14'),(979,31,80.8,1,'2024-08-22 15:17:18'),(980,31.5,80.3,1,'2024-08-22 15:17:22'),(981,31.3,80.3,1,'2024-08-22 15:17:26'),(982,31.3,80.7,1,'2024-08-22 15:17:30'),(983,31.4,80.5,1,'2024-08-22 15:17:34'),(984,31.5,81,1,'2024-08-22 15:17:38'),(985,31.5,80.1,1,'2024-08-22 15:17:42'),(986,31.5,80.9,1,'2024-08-22 15:17:46'),(987,31.1,80.9,1,'2024-08-22 15:17:50'),(988,31.5,80.5,1,'2024-08-22 15:17:54'),(989,31.2,80.7,1,'2024-08-22 15:17:58'),(990,31.2,81,1,'2024-08-22 15:18:02'),(991,31.2,80.9,1,'2024-08-22 15:18:06'),(992,31.5,81,1,'2024-08-22 15:18:10'),(993,31.4,80.4,1,'2024-08-22 15:18:14'),(994,31.3,80.5,1,'2024-08-22 15:18:18'),(995,31.2,80.9,1,'2024-08-22 15:18:22'),(996,31.4,80.4,1,'2024-08-22 15:18:26'),(997,31.5,80.1,1,'2024-08-22 15:18:30'),(998,31.3,80.4,1,'2024-08-22 15:18:34'),(999,31,80,1,'2024-08-22 15:18:38'),(1000,31.4,80.1,1,'2024-08-22 15:18:42'),(1001,31.5,80,1,'2024-08-22 15:18:46'),(1002,31,80,1,'2024-08-22 15:18:50'),(1003,31.4,80.6,1,'2024-08-22 15:18:54'),(1004,31.5,80.8,1,'2024-08-22 15:18:58'),(1005,31.5,80,1,'2024-08-22 15:19:02'),(1006,31,80.3,1,'2024-08-22 15:19:06'),(1007,31,80.9,1,'2024-08-22 15:19:10'),(1008,31.1,80.1,1,'2024-08-22 15:19:14'),(1009,31.5,81,1,'2024-08-22 15:19:18'),(1010,31.4,80.1,1,'2024-08-22 15:19:22'),(1011,31,80.1,1,'2024-08-22 15:19:26'),(1012,31.4,80.4,1,'2024-08-22 15:19:30'),(1013,31.1,80.9,1,'2024-08-22 15:19:34'),(1014,31.1,80.9,1,'2024-08-22 15:19:38'),(1015,31.3,80.3,1,'2024-08-22 15:19:42'),(1016,31.3,81,1,'2024-08-22 15:19:46'),(1017,31.3,81,1,'2024-08-22 15:19:50'),(1018,31,81,1,'2024-08-22 15:19:54'),(1019,31.1,80.4,1,'2024-08-22 15:19:58'),(1020,31.3,80.8,1,'2024-08-22 15:20:02'),(1021,31,80.8,1,'2024-08-22 15:20:06'),(1022,31.5,80.8,1,'2024-08-22 15:20:10'),(1023,31.2,80.7,1,'2024-08-22 15:20:14'),(1024,31.2,80.5,1,'2024-08-22 15:20:18'),(1025,31.1,80.7,1,'2024-08-22 15:20:22'),(1026,31.1,80.9,1,'2024-08-22 15:20:26'),(1027,31.3,80.5,1,'2024-08-22 15:20:30'),(1028,31.4,80.9,1,'2024-08-22 15:20:34'),(1029,31.1,80,1,'2024-08-22 15:20:38'),(1030,31.3,80.4,1,'2024-08-22 15:20:42'),(1031,31.4,80.4,1,'2024-08-22 15:20:46'),(1032,31,80.8,1,'2024-08-22 15:20:50'),(1033,31.4,80.1,1,'2024-08-22 15:20:54'),(1034,31.5,80.7,1,'2024-08-22 15:20:58'),(1035,31.4,80.6,1,'2024-08-22 15:21:02'),(1036,31.5,80.7,1,'2024-08-22 15:21:06'),(1037,31.5,80.1,1,'2024-08-22 15:21:10'),(1038,31.3,80.1,1,'2024-08-22 15:21:14'),(1039,31,80.3,1,'2024-08-22 15:21:18'),(1040,31.1,80.1,1,'2024-08-22 15:21:22'),(1041,31.1,80.8,1,'2024-08-22 15:21:26'),(1042,31.5,80.1,1,'2024-08-22 15:21:30'),(1043,31.5,80.6,1,'2024-08-22 15:21:34'),(1044,31.3,80,1,'2024-08-22 15:21:38'),(1045,31.3,80.1,1,'2024-08-22 15:21:42'),(1046,31.1,80.2,1,'2024-08-22 15:21:46'),(1047,31.5,80.9,1,'2024-08-22 15:21:50'),(1048,31.1,80.9,1,'2024-08-22 15:21:54'),(1049,31.5,80.3,1,'2024-08-22 15:21:58'),(1050,31.5,80.9,1,'2024-08-22 15:22:02'),(1051,31.4,80.5,1,'2024-08-22 15:22:06'),(1052,31,81,1,'2024-08-22 15:22:10'),(1053,31.3,80.3,1,'2024-08-22 15:22:14'),(1054,31.2,80.8,1,'2024-08-22 15:22:18'),(1055,31.3,80.6,1,'2024-08-22 15:22:22'),(1056,31.1,80.5,1,'2024-08-22 15:22:26'),(1057,31.2,80.4,1,'2024-08-22 15:22:30'),(1058,31.4,80.3,1,'2024-08-22 15:22:34'),(1059,31.1,80.7,1,'2024-08-22 15:22:38'),(1060,31,80.5,1,'2024-08-22 15:22:42'),(1061,31.1,80.8,1,'2024-08-22 15:22:46'),(1062,31.3,80.3,1,'2024-08-22 15:22:50'),(1063,31.4,80.3,1,'2024-08-22 15:22:54'),(1064,31.5,81,1,'2024-08-22 15:22:58'),(1065,31.5,81,1,'2024-08-22 15:23:02'),(1066,31,80.7,1,'2024-08-22 15:23:06'),(1067,31.2,80.5,1,'2024-08-22 15:23:10'),(1068,31.5,80.3,1,'2024-08-22 15:23:14'),(1069,31.4,80.8,1,'2024-08-22 15:23:18'),(1070,31.2,81,1,'2024-08-22 15:23:22'),(1071,31.2,80.9,1,'2024-08-22 15:23:26'),(1072,31,80.1,1,'2024-08-22 15:23:30'),(1073,31.5,80.5,1,'2024-08-22 15:23:34'),(1074,31.2,80.1,1,'2024-08-22 15:23:38'),(1075,31,80.5,1,'2024-08-22 15:23:42'),(1076,31.2,80,1,'2024-08-22 15:23:46'),(1077,31.4,80.8,1,'2024-08-22 15:23:50'),(1078,31.1,80.3,1,'2024-08-22 15:23:54'),(1079,31.4,80.1,1,'2024-08-22 15:23:58'),(1080,31.2,80.5,1,'2024-08-22 15:24:02'),(1081,31.2,80,1,'2024-08-22 15:24:06'),(1082,31.2,80.9,1,'2024-08-22 15:24:10'),(1083,31.2,80.5,1,'2024-08-22 15:24:14'),(1084,31.5,80.5,1,'2024-08-22 15:24:18'),(1085,31,80.9,1,'2024-08-22 15:24:22'),(1086,31.3,81,1,'2024-08-22 15:24:26'),(1087,31.3,80,1,'2024-08-22 15:24:30'),(1088,31,80.4,1,'2024-08-22 15:24:34'),(1089,31.3,80.8,1,'2024-08-22 15:24:38'),(1090,31,81,1,'2024-08-22 15:24:42'),(1091,31.2,81,1,'2024-08-22 15:24:46'),(1092,31,80.6,1,'2024-08-22 15:24:50'),(1093,31.1,80.8,1,'2024-08-22 15:24:54'),(1094,31.5,80.2,1,'2024-08-22 15:24:58'),(1095,31.5,80,1,'2024-08-22 15:25:02'),(1096,31,81,1,'2024-08-22 15:25:06'),(1097,31.3,80.7,1,'2024-08-22 15:25:10'),(1098,31.1,80.1,1,'2024-08-22 15:25:14'),(1099,31.1,80.7,1,'2024-08-22 15:25:18'),(1100,31.4,80.3,1,'2024-08-22 15:25:22'),(1101,31.4,80.2,1,'2024-08-22 15:25:26'),(1102,31.4,80.6,1,'2024-08-22 15:25:30'),(1103,31.2,80.3,1,'2024-08-22 15:25:34'),(1104,31.3,80,1,'2024-08-22 15:25:38'),(1105,31.2,80.3,1,'2024-08-22 15:25:42'),(1106,31.4,80.1,1,'2024-08-22 15:25:46'),(1107,31.3,80.2,1,'2024-08-22 15:25:50'),(1108,31.1,80.2,1,'2024-08-22 15:25:54'),(1109,31.4,80,1,'2024-08-22 15:25:58'),(1110,31.4,80.3,1,'2024-08-22 15:26:02'),(1111,31.5,80.6,1,'2024-08-22 15:26:06'),(1112,31,80.6,1,'2024-08-22 15:26:10'),(1113,31.3,80.2,1,'2024-08-22 15:26:14'),(1114,31.4,80.3,1,'2024-08-22 15:26:18'),(1115,31.3,80.4,1,'2024-08-22 15:26:22'),(1116,31.5,80.4,1,'2024-08-22 15:26:26'),(1117,31,80.7,1,'2024-08-22 15:26:30'),(1118,31,81,1,'2024-08-22 15:26:34'),(1119,31.3,80,1,'2024-08-22 15:26:38'),(1120,31.2,81,1,'2024-08-22 15:26:42'),(1121,31.3,80.7,1,'2024-08-22 15:26:46'),(1122,31.4,80,1,'2024-08-22 15:26:50'),(1123,31.2,80.8,1,'2024-08-22 15:26:54'),(1124,31.2,81,1,'2024-08-22 15:26:58'),(1125,31,80.7,1,'2024-08-22 15:27:02'),(1126,31,80.1,1,'2024-08-22 15:27:06'),(1127,31.2,80.4,1,'2024-08-22 15:27:10'),(1128,31,80.2,1,'2024-08-22 15:27:14'),(1129,31.1,80,1,'2024-08-22 15:27:18'),(1130,31.4,80,1,'2024-08-22 15:27:22'),(1131,31.4,80.5,1,'2024-08-22 15:27:26'),(1132,31,80.5,1,'2024-08-22 15:27:30'),(1133,31.1,80.4,1,'2024-08-22 15:27:34'),(1134,31.5,80.1,1,'2024-08-22 15:27:38'),(1135,31.3,80.4,1,'2024-08-22 15:27:42'),(1136,31.4,80.6,1,'2024-08-22 15:27:46'),(1137,31.3,80.8,1,'2024-08-22 15:27:50'),(1138,31,80.7,1,'2024-08-22 15:27:54'),(1139,31,81,1,'2024-08-22 15:27:58'),(1140,31.5,80.5,1,'2024-08-22 15:28:02'),(1141,31,80.6,1,'2024-08-22 15:28:06'),(1142,31,80.7,1,'2024-08-22 15:28:10'),(1143,31.2,80.9,1,'2024-08-22 15:28:14'),(1144,31.4,80.3,1,'2024-08-22 15:28:18'),(1145,31,80.5,1,'2024-08-22 15:28:22'),(1146,31.5,80.6,1,'2024-08-22 15:28:26'),(1147,31,81,1,'2024-08-22 15:28:30'),(1148,31,81,1,'2024-08-22 15:28:34'),(1149,31.1,80.6,1,'2024-08-22 15:28:38'),(1150,31.5,80.7,1,'2024-08-22 15:28:42'),(1151,31.5,80.9,1,'2024-08-22 15:28:46'),(1152,31.5,80.6,1,'2024-08-22 15:28:50'),(1153,31.2,80,1,'2024-08-22 15:28:54'),(1154,31.1,80.6,1,'2024-08-22 15:28:58'),(1155,31.4,80.5,1,'2024-08-22 15:29:02'),(1156,31.3,80.9,1,'2024-08-22 15:29:06'),(1157,31.5,81,1,'2024-08-22 15:29:10'),(1158,31,80.7,1,'2024-08-22 15:29:14'),(1159,31.3,80,1,'2024-08-22 15:29:18'),(1160,31.3,80.7,1,'2024-08-22 15:29:22'),(1161,31.4,80.5,1,'2024-08-22 15:29:26'),(1162,31.4,81,1,'2024-08-22 15:29:30'),(1163,31.1,80.1,1,'2024-08-22 15:29:34'),(1164,31.5,80.1,1,'2024-08-22 15:29:38'),(1165,31.5,80,1,'2024-08-22 15:29:42'),(1166,31.3,80.8,1,'2024-08-22 15:29:46'),(1167,31.4,80.2,1,'2024-08-22 15:29:50'),(1168,31.3,80.4,1,'2024-08-22 15:29:54'),(1169,31.4,80.8,1,'2024-08-22 15:29:58'),(1170,31.1,80.4,1,'2024-08-22 15:30:02'),(1171,31,80.5,1,'2024-08-22 15:30:06'),(1172,31.1,80.9,1,'2024-08-22 15:30:10'),(1173,31.3,80.6,1,'2024-08-22 15:30:14'),(1174,31.5,80.7,1,'2024-08-22 15:30:18'),(1175,31.4,80.7,1,'2024-08-22 15:30:22'),(1176,31.3,80.8,1,'2024-08-22 15:30:26'),(1177,31,80.2,1,'2024-08-22 15:30:30'),(1178,31,80.9,1,'2024-08-22 15:30:34'),(1179,31.4,80.2,1,'2024-08-22 15:30:38'),(1180,31.3,80.9,1,'2024-08-22 15:30:42'),(1181,31.4,80.8,1,'2024-08-22 15:30:46'),(1182,31.5,80,1,'2024-08-22 15:30:50'),(1183,31,80.9,1,'2024-08-22 15:30:54'),(1184,31,80.6,1,'2024-08-22 15:30:58'),(1185,31.4,80.6,1,'2024-08-22 15:31:02'),(1186,31.2,80,1,'2024-08-22 15:31:06'),(1187,31.1,80.1,1,'2024-08-22 15:31:10'),(1188,31.1,80.7,1,'2024-08-22 15:31:14'),(1189,31.5,80.4,1,'2024-08-22 15:31:18'),(1190,31.1,80.3,1,'2024-08-22 15:31:22'),(1191,31.4,80.9,1,'2024-08-22 15:31:26'),(1192,31.3,80.7,1,'2024-08-22 15:31:30'),(1193,31.4,80.2,1,'2024-08-22 15:31:34'),(1194,31.4,80.5,1,'2024-08-22 15:31:38'),(1195,31.4,80,1,'2024-08-22 15:31:42'),(1196,31.3,80,1,'2024-08-22 15:31:46'),(1197,31.3,80.3,1,'2024-08-22 15:31:50'),(1198,31.3,80.2,1,'2024-08-22 15:31:54'),(1199,31.1,81,1,'2024-08-22 15:31:58'),(1200,31.3,80.5,1,'2024-08-22 15:32:02'),(1201,31.1,81,1,'2024-08-22 15:32:06'),(1202,31,80.6,1,'2024-08-22 15:32:10'),(1203,31.1,81,1,'2024-08-22 15:32:14'),(1204,31.1,80.7,1,'2024-08-22 15:32:18'),(1205,31.3,80.4,1,'2024-08-22 15:32:22'),(1206,31.3,80.3,1,'2024-08-22 15:32:26'),(1207,31.2,80.7,1,'2024-08-22 15:32:30'),(1208,31.1,81,1,'2024-08-22 15:32:34'),(1209,31.2,80.1,1,'2024-08-22 15:32:38'),(1210,31.4,80.5,1,'2024-08-22 15:32:42'),(1211,31.2,80.3,1,'2024-08-22 15:32:46'),(1212,31,80.8,1,'2024-08-22 15:32:50'),(1213,31.1,80.2,1,'2024-08-22 15:32:54'),(1214,31.4,80,1,'2024-08-22 15:32:58'),(1215,31.1,80.1,1,'2024-08-22 15:33:02'),(1216,31,80.3,1,'2024-08-22 15:33:06'),(1217,31.1,80,1,'2024-08-22 15:33:10'),(1218,31.3,80.5,1,'2024-08-22 15:33:14'),(1219,31,80.5,1,'2024-08-22 15:33:18'),(1220,31.5,80.6,1,'2024-08-22 15:33:22'),(1221,31.4,80.9,1,'2024-08-22 15:33:26'),(1222,31.5,80.4,1,'2024-08-22 15:33:30'),(1223,31.2,80.7,1,'2024-08-22 15:33:34'),(1224,31.2,81,1,'2024-08-22 15:33:38'),(1225,31,81,1,'2024-08-22 15:33:42'),(1226,31.4,80.3,1,'2024-08-22 15:33:46'),(1227,31.1,80.2,1,'2024-08-22 15:33:50'),(1228,31.5,80,1,'2024-08-22 15:33:54'),(1229,31,81,1,'2024-08-22 15:33:58'),(1230,31.3,81,1,'2024-08-22 15:34:02'),(1231,31.4,80.9,1,'2024-08-22 15:34:06'),(1232,31.2,80.1,1,'2024-08-22 15:34:10'),(1233,31,80.2,1,'2024-08-22 15:34:14'),(1234,31.3,80.2,1,'2024-08-22 15:34:18'),(1235,31.2,80.2,1,'2024-08-22 15:34:22'),(1236,31.2,80.9,1,'2024-08-22 15:34:26'),(1237,31.4,81,1,'2024-08-22 15:34:30'),(1238,31.1,80.7,1,'2024-08-22 15:34:34'),(1239,31.3,80.8,1,'2024-08-22 15:34:38'),(1240,31.3,80.5,1,'2024-08-22 15:34:42'),(1241,31.2,80.6,1,'2024-08-22 15:34:46'),(1242,31.3,80.9,1,'2024-08-22 15:34:50'),(1243,31.2,80.6,1,'2024-08-22 15:34:54'),(1244,31.4,80.5,1,'2024-08-22 15:34:58'),(1245,31.3,80.8,1,'2024-08-22 15:35:02'),(1246,31.1,80.5,1,'2024-08-22 15:35:06'),(1247,31,80.9,1,'2024-08-22 15:35:10'),(1248,31.1,80.6,1,'2024-08-22 15:35:14'),(1249,31,80.6,1,'2024-08-22 15:35:18'),(1250,31.1,80.9,1,'2024-08-22 15:35:22'),(1251,31.3,80.3,1,'2024-08-22 15:35:26'),(1252,31.3,80.2,1,'2024-08-22 15:35:30'),(1253,31.3,81,1,'2024-08-22 15:35:34'),(1254,31.3,80,1,'2024-08-22 15:35:38'),(1255,31.3,80.4,1,'2024-08-22 15:35:42'),(1256,31.3,80.8,1,'2024-08-22 15:35:46'),(1257,31.4,80.5,1,'2024-08-22 15:35:50'),(1258,31.4,80.7,1,'2024-08-22 15:35:54'),(1259,31.1,80.3,1,'2024-08-22 15:35:58'),(1260,31.1,80.3,1,'2024-08-22 15:36:02'),(1261,31.1,81,1,'2024-08-22 15:36:06'),(1262,31.2,81,1,'2024-08-22 15:36:10'),(1263,31.5,80.3,1,'2024-08-22 15:36:14'),(1264,31.1,81,1,'2024-08-22 15:36:18'),(1265,31,80.5,1,'2024-08-22 15:36:22'),(1266,31,80.1,1,'2024-08-22 15:36:26'),(1267,31,80.8,1,'2024-08-22 15:36:30'),(1268,31.2,80,1,'2024-08-22 15:36:34'),(1269,31.5,80.4,1,'2024-08-22 15:36:38'),(1270,31.4,80.7,1,'2024-08-22 15:36:42'),(1271,31,81,1,'2024-08-22 15:36:46'),(1272,31.5,80.4,1,'2024-08-22 15:36:50'),(1273,31.3,80.8,1,'2024-08-22 15:36:54'),(1274,31.5,80.6,1,'2024-08-22 15:36:58'),(1275,31,81,1,'2024-08-22 15:37:02'),(1276,31.1,80.7,1,'2024-08-22 15:37:06'),(1277,31,80.6,1,'2024-08-22 15:37:10'),(1278,31.4,80.1,1,'2024-08-22 15:37:14'),(1279,31.4,80.7,1,'2024-08-22 15:37:18'),(1280,31.5,81,1,'2024-08-22 15:37:22'),(1281,31,80.4,1,'2024-08-22 15:37:26'),(1282,31,80.5,1,'2024-08-22 15:37:30'),(1283,31.1,80.5,1,'2024-08-22 15:37:34'),(1284,31,80.7,1,'2024-08-22 15:37:38'),(1285,31.1,80,1,'2024-08-22 15:37:42'),(1286,31.3,80.9,1,'2024-08-22 15:37:46'),(1287,31.1,81,1,'2024-08-22 15:37:50'),(1288,31.4,81,1,'2024-08-22 15:37:54'),(1289,31.1,80.5,1,'2024-08-22 15:37:58'),(1290,31.4,80.4,1,'2024-08-22 15:38:02'),(1291,31.4,80.3,1,'2024-08-22 15:38:06'),(1292,31,80.5,1,'2024-08-22 15:38:10'),(1293,31.4,80.6,1,'2024-08-22 15:38:14'),(1294,31.1,80.7,1,'2024-08-22 15:38:18'),(1295,31.4,80.2,1,'2024-08-22 15:38:22'),(1296,31,80.1,1,'2024-08-22 15:38:26'),(1297,31.5,80.8,1,'2024-08-22 15:38:30'),(1298,31.1,80.3,1,'2024-08-22 15:38:34'),(1299,31.3,80.1,1,'2024-08-22 15:38:38'),(1300,31.4,81,1,'2024-08-22 15:38:42'),(1301,31.4,80.8,1,'2024-08-22 15:38:46'),(1302,31.5,80,1,'2024-08-22 15:38:50'),(1303,31.2,80.1,1,'2024-08-22 15:38:54'),(1304,31.2,80.1,1,'2024-08-22 15:38:58'),(1305,31.3,81,1,'2024-08-22 15:39:02'),(1306,31.5,80.4,1,'2024-08-22 15:39:06'),(1307,31.5,80.6,1,'2024-08-22 15:39:10'),(1308,31.4,80.5,1,'2024-08-22 15:39:14'),(1309,31.2,80.9,1,'2024-08-22 15:39:18'),(1310,31.4,80.1,1,'2024-08-22 15:39:22'),(1311,31.5,80.7,1,'2024-08-22 15:39:26'),(1312,31.2,80.2,1,'2024-08-22 15:39:30'),(1313,31,80.7,1,'2024-08-22 15:39:34'),(1314,31.5,81,1,'2024-08-22 15:39:38'),(1315,31.3,81,1,'2024-08-22 15:39:42'),(1316,31.3,80.2,1,'2024-08-22 15:39:46'),(1317,31.2,81,1,'2024-08-22 15:39:50'),(1318,31.3,80.2,1,'2024-08-22 15:39:54'),(1319,31,80.1,1,'2024-08-22 15:39:58'),(1320,31.5,80.9,1,'2024-08-22 15:40:02'),(1321,31.4,80.5,1,'2024-08-22 15:40:06'),(1322,31,80.8,1,'2024-08-22 15:40:10'),(1323,31,80.1,1,'2024-08-22 15:40:14'),(1324,31.5,80.4,1,'2024-08-22 15:40:18'),(1325,31.5,80.9,1,'2024-08-22 15:40:22'),(1326,31.2,80.7,1,'2024-08-22 15:40:26'),(1327,31.5,81,1,'2024-08-22 15:40:30'),(1328,31,80,1,'2024-08-22 15:40:34'),(1329,31.2,80.1,1,'2024-08-22 15:40:38'),(1330,31.5,80.8,1,'2024-08-22 15:40:42'),(1331,31.1,80.7,1,'2024-08-22 15:40:46'),(1332,31,80.6,1,'2024-08-22 15:40:50'),(1333,31,80.3,1,'2024-08-22 15:40:54'),(1334,31.3,80.4,1,'2024-08-22 15:40:58'),(1335,31,80.7,1,'2024-08-22 15:41:02'),(1336,31.2,80.2,1,'2024-08-22 15:41:06'),(1337,31.1,80.2,1,'2024-08-22 15:41:10'),(1338,31.4,80.4,1,'2024-08-22 15:41:14'),(1339,31.4,80.1,1,'2024-08-22 15:41:18'),(1340,31.3,81,1,'2024-08-22 15:41:22'),(1341,31.4,80.3,1,'2024-08-22 15:41:26'),(1342,31.1,80.7,1,'2024-08-22 15:41:30'),(1343,31.1,80.9,1,'2024-08-22 15:41:34'),(1344,31.5,80.1,1,'2024-08-22 15:41:38'),(1345,31.3,80.2,1,'2024-08-22 15:41:42'),(1346,31.2,81,1,'2024-08-22 15:41:46'),(1347,31.5,80.2,1,'2024-08-22 15:41:50'),(1348,31.5,80,1,'2024-08-22 15:41:54'),(1349,31.4,80.6,1,'2024-08-22 15:41:58'),(1350,31.4,81,1,'2024-08-22 15:42:02'),(1351,31.5,81,1,'2024-08-22 15:42:06'),(1352,31,80.3,1,'2024-08-22 15:42:10'),(1353,31,80.9,1,'2024-08-22 15:42:14'),(1354,31.5,80.8,1,'2024-08-22 15:42:18'),(1355,31.4,80.6,1,'2024-08-22 15:42:22'),(1356,31,80.7,1,'2024-08-22 15:42:26'),(1357,31.5,80.7,1,'2024-08-22 15:42:30'),(1358,31.4,80.7,1,'2024-08-22 15:42:34'),(1359,31.1,80.6,1,'2024-08-22 15:42:38'),(1360,31.4,80.4,1,'2024-08-22 15:42:42'),(1361,31.5,80.2,1,'2024-08-22 15:42:46'),(1362,31.1,80.4,1,'2024-08-22 15:42:50'),(1363,31.3,80.2,1,'2024-08-22 15:42:54'),(1364,31.3,80.2,1,'2024-08-22 15:42:58'),(1365,31.5,80.3,1,'2024-08-22 15:43:02'),(1366,31.4,80.2,1,'2024-08-22 15:43:06'),(1367,31,80.9,1,'2024-08-22 15:43:10'),(1368,31.4,80.6,1,'2024-08-22 15:43:14'),(1369,31.5,80.5,1,'2024-08-22 15:43:18'),(1370,31.5,80.6,1,'2024-08-22 15:43:22'),(1371,31.5,80.3,1,'2024-08-22 15:43:26'),(1372,31.4,80.4,1,'2024-08-22 15:43:30'),(1373,31.2,81,1,'2024-08-22 15:43:34'),(1374,31.3,80.8,1,'2024-08-22 15:43:38'),(1375,31.4,80.4,1,'2024-08-22 15:43:42'),(1376,31.2,80.3,1,'2024-08-22 15:43:46'),(1377,31.2,81,1,'2024-08-22 15:43:50'),(1378,31.3,80.1,1,'2024-08-22 15:43:54'),(1379,31,80.7,1,'2024-08-22 15:43:58'),(1380,31.5,80.3,1,'2024-08-22 15:44:02'),(1381,31.2,80.1,1,'2024-08-22 15:44:06'),(1382,31.5,80,1,'2024-08-22 15:44:10'),(1383,31.2,80.3,1,'2024-08-22 15:44:14'),(1384,31.1,80.9,1,'2024-08-22 15:44:18'),(1385,31.5,80.9,1,'2024-08-22 15:44:22'),(1386,31,80.6,1,'2024-08-22 15:44:26'),(1387,31.3,80.6,1,'2024-08-22 15:44:30'),(1388,31.2,80.4,1,'2024-08-22 15:44:34'),(1389,31.1,80.7,1,'2024-08-22 15:44:38'),(1390,31,80.8,1,'2024-08-22 15:44:42'),(1391,31.3,80.9,1,'2024-08-22 15:44:46'),(1392,31.2,80.8,1,'2024-08-22 15:44:50'),(1393,31.4,80.1,1,'2024-08-22 15:44:54'),(1394,31.3,80.6,1,'2024-08-22 15:44:58'),(1395,31,80.1,1,'2024-08-22 15:45:02'),(1396,31.3,81,1,'2024-08-22 15:45:06'),(1397,31.1,80.1,1,'2024-08-22 15:45:10'),(1398,31.1,80.5,1,'2024-08-22 15:45:14'),(1399,31.1,80.8,1,'2024-08-22 15:45:18'),(1400,31,80.5,1,'2024-08-22 15:45:22'),(1401,31,80.6,1,'2024-08-22 15:45:26'),(1402,31.1,80.6,1,'2024-08-22 15:45:30'),(1403,31.5,80,1,'2024-08-22 15:45:34'),(1404,31.5,80.3,1,'2024-08-22 15:45:38'),(1405,31,80.1,1,'2024-08-22 15:45:42'),(1406,31.3,80.1,1,'2024-08-22 15:45:46'),(1407,31.5,80.8,1,'2024-08-22 15:45:50'),(1408,31.3,80.8,1,'2024-08-22 15:45:54'),(1409,31.5,80.5,1,'2024-08-22 15:45:58'),(1410,31.1,80,1,'2024-08-22 15:46:02'),(1411,31.1,80,1,'2024-08-22 15:46:06'),(1412,31.2,81,1,'2024-08-22 15:46:10'),(1413,31.2,81,1,'2024-08-22 15:46:14'),(1414,31.3,80.1,1,'2024-08-22 15:46:18'),(1415,31.5,80.9,1,'2024-08-22 15:46:22'),(1416,31.3,80.4,1,'2024-08-22 15:46:26'),(1417,31,80.8,1,'2024-08-22 15:46:30'),(1418,31.3,80.2,1,'2024-08-22 15:46:34'),(1419,31.2,80.9,1,'2024-08-22 15:46:38'),(1420,31,80.4,1,'2024-08-22 15:46:42'),(1421,31,80.2,1,'2024-08-22 15:46:46'),(1422,31,81,1,'2024-08-22 15:46:50'),(1423,31.3,80.4,1,'2024-08-22 15:46:54'),(1424,31.3,80.8,1,'2024-08-22 15:46:58'),(1425,31.5,80.8,1,'2024-08-22 15:47:02'),(1426,31,80.2,1,'2024-08-22 15:47:06'),(1427,31.5,80.9,1,'2024-08-22 15:47:10'),(1428,31.5,80.9,1,'2024-08-22 15:47:14'),(1429,31.2,80.2,1,'2024-08-22 15:47:18'),(1430,31.5,81,1,'2024-08-22 15:47:22'),(1431,31.1,80.6,1,'2024-08-22 15:47:26'),(1432,31.4,81,1,'2024-08-22 15:47:30'),(1433,31,80,1,'2024-08-22 15:47:34'),(1434,31.5,80.6,1,'2024-08-22 15:47:38'),(1435,31.2,81,1,'2024-08-22 15:47:42'),(1436,31.5,80.6,1,'2024-08-22 15:47:46'),(1437,31,80.3,1,'2024-08-22 15:47:50'),(1438,31.3,80.9,1,'2024-08-22 15:47:54'),(1439,31,80.8,1,'2024-08-22 15:47:58'),(1440,31.2,80.3,1,'2024-08-22 15:48:02'),(1441,31.3,80.8,1,'2024-08-22 15:48:06'),(1442,31.3,80.3,1,'2024-08-22 15:48:10'),(1443,31.2,80.7,1,'2024-08-22 15:48:14'),(1444,31.2,80.9,1,'2024-08-22 15:48:18'),(1445,31.1,80.4,1,'2024-08-22 15:48:22'),(1446,31,80.7,1,'2024-08-22 15:48:26'),(1447,31.3,80.6,1,'2024-08-22 15:48:30'),(1448,31.3,80,1,'2024-08-22 15:48:34'),(1449,31.2,80.5,1,'2024-08-22 15:48:38'),(1450,31.4,81,1,'2024-08-22 15:48:42'),(1451,31.4,80.8,1,'2024-08-22 15:48:46'),(1452,31.3,80.3,1,'2024-08-22 15:48:50'),(1453,31.5,80.1,1,'2024-08-22 15:48:54'),(1454,31,80.1,1,'2024-08-22 15:48:58'),(1455,31.1,80.1,1,'2024-08-22 15:49:02'),(1456,31,80.2,1,'2024-08-22 15:49:06'),(1457,31.1,80.8,1,'2024-08-22 15:49:10'),(1458,31.4,80.2,1,'2024-08-22 15:49:14'),(1459,31.3,80.7,1,'2024-08-22 15:49:18'),(1460,31.3,80.5,1,'2024-08-22 15:49:22'),(1461,31,80.4,1,'2024-08-22 15:49:26'),(1462,31.5,80,1,'2024-08-22 15:49:30'),(1463,31.2,80,1,'2024-08-22 15:49:34'),(1464,31.2,80.5,1,'2024-08-22 15:49:38'),(1465,31.1,80.8,1,'2024-08-22 15:49:42'),(1466,31,80.2,1,'2024-08-22 15:49:46'),(1467,31.2,80.6,1,'2024-08-22 15:49:50'),(1468,31.2,80,1,'2024-08-22 15:49:54'),(1469,31.3,80,1,'2024-08-22 15:49:58'),(1470,31.4,80.6,1,'2024-08-22 15:50:02'),(1471,31.5,80.3,1,'2024-08-22 15:50:06'),(1472,31.3,80.2,1,'2024-08-22 15:50:10'),(1473,31.3,80.2,1,'2024-08-22 15:50:14'),(1474,31.1,80.2,1,'2024-08-22 15:50:18'),(1475,31.5,80.5,1,'2024-08-22 15:50:22'),(1476,31.2,80.5,1,'2024-08-22 15:50:26'),(1477,31.1,80.3,1,'2024-08-22 15:50:30'),(1478,31.2,80.5,1,'2024-08-22 15:50:34'),(1479,31.3,80.7,1,'2024-08-22 15:50:38'),(1480,31.3,80.2,1,'2024-08-22 15:50:42'),(1481,31.1,80.7,1,'2024-08-22 15:50:46'),(1482,31.3,80.1,1,'2024-08-22 15:50:50'),(1483,31.4,80.6,1,'2024-08-22 15:50:54'),(1484,31.5,80.8,1,'2024-08-22 15:50:58'),(1485,31,80.2,1,'2024-08-22 15:51:02'),(1486,31.5,80.7,1,'2024-08-22 15:51:06'),(1487,31.4,80,1,'2024-08-22 15:51:10'),(1488,31.5,80.2,1,'2024-08-22 15:51:14'),(1489,31.4,80.8,1,'2024-08-22 15:51:18'),(1490,31.5,80.7,1,'2024-08-22 15:51:22'),(1491,31.1,80.8,1,'2024-08-22 15:51:26'),(1492,31.1,80.6,1,'2024-08-22 15:51:30'),(1493,31.4,80.5,1,'2024-08-22 15:51:34'),(1494,31.1,81,1,'2024-08-22 15:51:38'),(1495,31.4,80,1,'2024-08-22 15:51:42'),(1496,31.1,80.5,1,'2024-08-22 15:51:46'),(1497,31,80.4,1,'2024-08-22 15:51:50'),(1498,31.2,80,1,'2024-08-22 15:51:54'),(1499,31.3,81,1,'2024-08-22 15:51:58'),(1500,31,80.9,1,'2024-08-22 15:52:02'),(1501,31,80.8,1,'2024-08-22 15:52:06'),(1502,31.2,80,1,'2024-08-22 15:52:10'),(1503,31,80.4,1,'2024-08-22 15:52:14'),(1504,31.5,81,1,'2024-08-22 15:52:18'),(1505,31.1,80.9,1,'2024-08-22 15:52:22'),(1506,31.1,80.3,1,'2024-08-22 15:52:26'),(1507,31.3,80.2,1,'2024-08-22 15:52:30'),(1508,31.1,80.8,1,'2024-08-22 15:52:34'),(1509,31,80.6,1,'2024-08-22 15:52:38'),(1510,31.2,80.6,1,'2024-08-22 15:52:42'),(1511,31.3,80,1,'2024-08-22 15:52:46'),(1512,31.5,80.1,1,'2024-08-22 15:52:50'),(1513,31.2,80.6,1,'2024-08-22 15:52:54'),(1514,31.4,80.9,1,'2024-08-22 15:52:58'),(1515,31.3,80.2,1,'2024-08-22 15:53:02'),(1516,31.5,80.8,1,'2024-08-22 15:53:06'),(1517,31.4,81,1,'2024-08-22 15:53:10'),(1518,31,80,1,'2024-08-22 15:53:14'),(1519,31.5,80.4,1,'2024-08-22 15:53:18'),(1520,31,80.5,1,'2024-08-22 15:53:22'),(1521,31.4,80.2,1,'2024-08-22 15:53:26'),(1522,31.4,80.6,1,'2024-08-22 15:53:30'),(1523,31,80.4,1,'2024-08-22 15:53:34'),(1524,31.1,80.3,1,'2024-08-22 15:53:38'),(1525,31.2,80,1,'2024-08-22 15:53:42'),(1526,31.4,80.3,1,'2024-08-22 15:53:46'),(1527,31.5,80,1,'2024-08-22 15:53:50'),(1528,31.4,80.7,1,'2024-08-22 15:53:54'),(1529,31.5,80.4,1,'2024-08-22 15:53:58'),(1530,31,80.5,1,'2024-08-22 15:54:02'),(1531,31.2,80.4,1,'2024-08-22 15:54:06'),(1532,31.5,81,1,'2024-08-22 15:54:10'),(1533,31.1,80.8,1,'2024-08-22 15:54:14'),(1534,31,81,1,'2024-08-22 15:54:18'),(1535,31.5,80.8,1,'2024-08-22 15:54:22'),(1536,31.3,80.9,1,'2024-08-22 15:54:26'),(1537,31,80.1,1,'2024-08-22 15:54:30'),(1538,31.2,80.1,1,'2024-08-22 15:54:34'),(1539,31.2,80.3,1,'2024-08-22 15:54:38'),(1540,31.1,80.5,1,'2024-08-22 15:54:42'),(1541,31.1,81,1,'2024-08-22 15:54:46'),(1542,31.5,80.4,1,'2024-08-22 15:54:50'),(1543,31.1,80.9,1,'2024-08-22 15:54:54'),(1544,31.4,80.1,1,'2024-08-22 15:54:58'),(1545,31.4,80.6,1,'2024-08-22 15:55:02'),(1546,31.1,80.8,1,'2024-08-22 15:55:06'),(1547,31.1,80.6,1,'2024-08-22 15:55:10'),(1548,31.2,80.9,1,'2024-08-22 15:55:14'),(1549,31.2,81,1,'2024-08-22 15:55:18'),(1550,31,80.5,1,'2024-08-22 15:55:22'),(1551,31.5,80.2,1,'2024-08-22 15:55:26'),(1552,31.1,80.5,1,'2024-08-22 15:55:30'),(1553,31.1,81,1,'2024-08-22 15:55:34'),(1554,31.1,80.2,1,'2024-08-22 15:55:38'),(1555,31.4,80.7,1,'2024-08-22 15:55:42'),(1556,31.3,80.7,1,'2024-08-22 15:55:46'),(1557,31.3,80.7,1,'2024-08-22 15:55:50'),(1558,31,80.4,1,'2024-08-22 15:55:54'),(1559,31.3,80.5,1,'2024-08-22 15:55:58'),(1560,31.5,80.1,1,'2024-08-22 15:56:02'),(1561,31.1,80.8,1,'2024-08-22 15:56:06'),(1562,31.4,80.4,1,'2024-08-22 15:56:10'),(1563,31.1,80.7,1,'2024-08-22 15:56:14'),(1564,31.1,80.3,1,'2024-08-22 15:56:18'),(1565,31.4,80.2,1,'2024-08-22 15:56:22'),(1566,31.2,80,1,'2024-08-22 15:56:26'),(1567,31.5,80.4,1,'2024-08-22 15:56:30'),(1568,31.5,80.4,1,'2024-08-22 15:56:34'),(1569,31.5,80.1,1,'2024-08-22 15:56:38'),(1570,31.3,80.4,1,'2024-08-22 15:56:42'),(1571,31,80.9,1,'2024-08-22 15:56:46'),(1572,31.2,80.5,1,'2024-08-22 15:56:50'),(1573,31.2,80.6,1,'2024-08-22 15:56:54'),(1574,31.2,80.3,1,'2024-08-22 15:56:58'),(1575,31.1,80.4,1,'2024-08-22 15:57:02'),(1576,31.2,80.2,1,'2024-08-22 15:57:06'),(1577,31.2,80.5,1,'2024-08-22 15:57:10'),(1578,31.4,80,1,'2024-08-22 15:57:14'),(1579,31.2,80.3,1,'2024-08-22 15:57:18'),(1580,31.4,80,1,'2024-08-22 15:57:22'),(1581,31.5,80.4,1,'2024-08-22 15:57:26'),(1582,31.3,80.9,1,'2024-08-22 15:57:30'),(1583,31.4,80.1,1,'2024-08-22 15:57:34'),(1584,31,80.2,1,'2024-08-22 15:57:38'),(1585,31.3,80.3,1,'2024-08-22 15:57:42'),(1586,31.3,80.9,1,'2024-08-22 15:57:46'),(1587,31.3,80,1,'2024-08-22 15:57:50'),(1588,31,80.5,1,'2024-08-22 15:57:54'),(1589,31.5,80.1,1,'2024-08-22 15:57:58'),(1590,31.4,80.1,1,'2024-08-22 15:58:02'),(1591,31.1,80.3,1,'2024-08-22 15:58:06'),(1592,31.1,80.7,1,'2024-08-22 15:58:10'),(1593,31.3,80.4,1,'2024-08-22 15:58:14'),(1594,31.1,80.8,1,'2024-08-22 15:58:18'),(1595,31.5,80.4,1,'2024-08-22 15:58:22'),(1596,31.1,80.1,1,'2024-08-22 15:58:26'),(1597,31,80.5,1,'2024-08-22 15:58:30'),(1598,31.2,80.5,1,'2024-08-22 15:58:34'),(1599,31.4,80.2,1,'2024-08-22 15:58:38'),(1600,31.2,80.2,1,'2024-08-22 15:58:42'),(1601,31.2,80.1,1,'2024-08-22 15:58:46'),(1602,31.5,80.3,1,'2024-08-22 15:58:50'),(1603,31.1,80.5,1,'2024-08-22 15:58:54'),(1604,31.2,80.5,1,'2024-08-22 15:58:58'),(1605,31.3,80.7,1,'2024-08-22 15:59:02'),(1606,31.3,80.5,1,'2024-08-22 15:59:06'),(1607,31.4,80.8,1,'2024-08-22 15:59:10'),(1608,31.1,80.1,1,'2024-08-22 15:59:14'),(1609,31.4,80.6,1,'2024-08-22 15:59:18'),(1610,31.4,80.4,1,'2024-08-22 15:59:22'),(1611,31.3,80.8,1,'2024-08-22 15:59:26'),(1612,31,80.1,1,'2024-08-22 15:59:30'),(1613,31.2,80.7,1,'2024-08-22 15:59:34'),(1614,31.3,80.4,1,'2024-08-22 15:59:38'),(1615,31.2,80.3,1,'2024-08-22 15:59:42'),(1616,31.2,80.6,1,'2024-08-22 15:59:46'),(1617,31.5,80.9,1,'2024-08-22 15:59:50'),(1618,31.4,80.2,1,'2024-08-22 15:59:54'),(1619,31.3,80.9,1,'2024-08-22 15:59:58'),(1620,31.1,80.6,1,'2024-08-22 16:00:02'),(1621,31.3,80.6,1,'2024-08-22 16:00:06'),(1622,31.4,81,1,'2024-08-22 16:00:10'),(1623,31.5,80,1,'2024-08-22 16:00:14'),(1624,31.1,80.6,1,'2024-08-22 16:00:18'),(1625,31.5,80.9,1,'2024-08-22 16:00:22'),(1626,31.5,81,1,'2024-08-22 16:00:26'),(1627,31.3,80,1,'2024-08-22 16:00:30'),(1628,31,80.6,1,'2024-08-22 16:00:34'),(1629,31.2,80.5,1,'2024-08-22 16:00:38'),(1630,31.4,80.5,1,'2024-08-22 16:00:42'),(1631,31.1,80.5,1,'2024-08-22 16:00:46'),(1632,31.5,80.1,1,'2024-08-22 16:00:50'),(1633,31.2,80.2,1,'2024-08-22 16:00:54'),(1634,31.2,80.8,1,'2024-08-22 16:00:58'),(1635,31,80.6,1,'2024-08-22 16:01:02'),(1636,31.1,80.3,1,'2024-08-22 16:01:06'),(1637,31.4,80.1,1,'2024-08-22 16:01:10'),(1638,31.4,80.2,1,'2024-08-22 16:01:14'),(1639,31.2,81,1,'2024-08-22 16:01:18'),(1640,31.4,80.2,1,'2024-08-22 16:01:22'),(1641,31.4,80.1,1,'2024-08-22 16:01:26'),(1642,31.5,80.5,1,'2024-08-22 16:01:30'),(1643,31.1,80.1,1,'2024-08-22 16:01:34'),(1644,31.3,80,1,'2024-08-22 16:01:38'),(1645,31.2,80.4,1,'2024-08-22 16:01:42'),(1646,31.5,80.2,1,'2024-08-22 16:01:46'),(1647,31.5,80.6,1,'2024-08-22 16:01:50'),(1648,31,81,1,'2024-08-22 16:01:54'),(1649,31,80.9,1,'2024-08-22 16:01:58'),(1650,31.3,80.5,1,'2024-08-22 16:02:02'),(1651,31.3,80,1,'2024-08-22 16:02:06'),(1652,31.4,80.4,1,'2024-08-22 16:02:10'),(1653,31.3,80.9,1,'2024-08-22 16:02:14'),(1654,31,80.4,1,'2024-08-22 16:02:18'),(1655,31.1,80.9,1,'2024-08-22 16:02:22'),(1656,31.5,80.3,1,'2024-08-22 16:02:26'),(1657,31.3,80,1,'2024-08-22 16:02:30'),(1658,31.1,80.2,1,'2024-08-22 16:02:34'),(1659,31.1,80.8,1,'2024-08-22 16:02:38'),(1660,31.3,80.3,1,'2024-08-22 16:02:42'),(1661,31,80.8,1,'2024-08-22 16:02:46'),(1662,31.4,80.9,1,'2024-08-22 16:02:50'),(1663,31.1,80.3,1,'2024-08-22 16:02:54'),(1664,31.5,80.1,1,'2024-08-22 16:02:58'),(1665,31.5,80.2,1,'2024-08-22 16:03:02'),(1666,31.3,81,1,'2024-08-22 16:03:06'),(1667,31.5,80.6,1,'2024-08-22 16:03:10'),(1668,31.2,80.2,1,'2024-08-22 16:03:14'),(1669,31.2,80.4,1,'2024-08-22 16:03:18'),(1670,31.4,80.5,1,'2024-08-22 16:03:22'),(1671,31.5,80.2,1,'2024-08-22 16:03:26'),(1672,31.4,80.6,1,'2024-08-22 16:03:30'),(1673,31.5,80.5,1,'2024-08-22 16:03:34'),(1674,31.3,80,1,'2024-08-22 16:03:38'),(1675,31.1,80,1,'2024-08-22 16:03:42'),(1676,31.1,80.3,1,'2024-08-22 16:03:46'),(1677,31.1,80.1,1,'2024-08-22 16:03:50'),(1678,31.1,80.8,1,'2024-08-22 16:03:54'),(1679,31.5,81,1,'2024-08-22 16:03:58'),(1680,31.1,80,1,'2024-08-22 16:04:02'),(1681,31.2,80.6,1,'2024-08-22 16:04:06'),(1682,31.2,81,1,'2024-08-22 16:04:10'),(1683,31.5,80.9,1,'2024-08-22 16:04:14'),(1684,31.2,80.7,1,'2024-08-22 16:04:18'),(1685,31.1,80.4,1,'2024-08-22 16:04:22'),(1686,31,80.3,1,'2024-08-22 16:04:26'),(1687,31,80,1,'2024-08-22 16:04:30'),(1688,31.1,80.1,1,'2024-08-22 16:04:34'),(1689,31.2,80.2,1,'2024-08-22 16:04:38'),(1690,31.3,80.6,1,'2024-08-22 16:04:42'),(1691,31,80.4,1,'2024-08-22 16:04:46'),(1692,31,80,1,'2024-08-22 16:04:50'),(1693,31.4,80.9,1,'2024-08-22 16:04:54'),(1694,31,80.3,1,'2024-08-22 16:04:58'),(1695,31.2,80.6,1,'2024-08-22 16:05:02'),(1696,31,80.2,1,'2024-08-22 16:05:06'),(1697,31.3,80.1,1,'2024-08-22 16:05:10'),(1698,31.1,80.2,1,'2024-08-22 16:05:14'),(1699,31.2,80.8,1,'2024-08-22 16:05:18'),(1700,31,80.1,1,'2024-08-22 16:05:22'),(1701,31.2,80.9,1,'2024-08-22 16:05:26'),(1702,31.5,80.1,1,'2024-08-22 16:05:30'),(1703,31.5,80.2,1,'2024-08-22 16:05:34'),(1704,31.5,80.3,1,'2024-08-22 16:05:38'),(1705,31.5,80.4,1,'2024-08-22 16:05:42'),(1706,31.3,80.5,1,'2024-08-22 16:05:46'),(1707,31.2,80.2,1,'2024-08-22 16:05:50'),(1708,31.4,80.1,1,'2024-08-22 16:05:54'),(1709,31.2,80.3,1,'2024-08-22 16:05:58'),(1710,31.4,80.1,1,'2024-08-22 16:06:02'),(1711,31,80.7,1,'2024-08-22 16:06:06'),(1712,31.4,80.7,1,'2024-08-22 16:06:10'),(1713,31,80.6,1,'2024-08-22 16:06:14'),(1714,31.2,80,1,'2024-08-22 16:06:18'),(1715,31.1,80.9,1,'2024-08-22 16:06:22'),(1716,31.4,80.4,1,'2024-08-22 16:06:26');
/*!40000 ALTER TABLE `iot` ENABLE KEYS */;
UNLOCK TABLES;

--
-- Table structure for table `members`
--

--
-- Table structure for table `models`
--

DROP TABLE IF EXISTS `models`;
/*!40101 SET @saved_cs_client     = @@character_set_client */;
/*!40101 SET character_set_client = utf8 */;
CREATE TABLE `models` (
  `idx` int(11) NOT NULL AUTO_INCREMENT,
  `name` char(20) DEFAULT NULL,
  `color` char(20) DEFAULT NULL,
  `size` char(20) DEFAULT NULL,
  PRIMARY KEY (`idx`)
) ENGINE=InnoDB AUTO_INCREMENT=11 DEFAULT CHARSET=utf8mb4 COLLATE=utf8mb4_general_ci;
/*!40101 SET character_set_client = @saved_cs_client */;

--
-- Dumping data for table `models`
--

LOCK TABLES `models` WRITE;
/*!40000 ALTER TABLE `models` DISABLE KEYS */;
INSERT INTO `models` VALUES (1,'나이키','빨강','M'),(2,'아디다스','파랑','L'),(3,'뉴발란스','노랑','S'),(4,'리복','흰색','XL'),(5,'언더아머','빨강','M'),(6,'푸마','파랑','L'),(7,'휠라','노랑','S'),(8,'르꼬끄','흰색','XL'),(9,'데상트','빨강','M'),(10,'캘빈클라인','파랑','L');
/*!40000 ALTER TABLE `models` ENABLE KEYS */;
UNLOCK TABLES;

--
-- Table structure for table `my_table`
--

DROP TABLE IF EXISTS `my_table`;
/*!40101 SET @saved_cs_client     = @@character_set_client */;
/*!40101 SET character_set_client = utf8 */;
CREATE TABLE `my_table` (
  `idx` int(11) NOT NULL AUTO_INCREMENT,
  `id` varchar(20) DEFAULT NULL,
  `name` varchar(20) DEFAULT NULL,
  `pass` varchar(255) DEFAULT NULL,
  PRIMARY KEY (`idx`),
  UNIQUE KEY `id` (`id`)
) ENGINE=InnoDB AUTO_INCREMENT=3 DEFAULT CHARSET=utf8mb4 COLLATE=utf8mb4_general_ci;
/*!40101 SET character_set_client = @saved_cs_client */;

--
-- Dumping data for table `my_table`
--

LOCK TABLES `my_table` WRITE;
/*!40000 ALTER TABLE `my_table` DISABLE KEYS */;
INSERT INTO `my_table` VALUES (1,'test','테스트','1111'),(2,'admin','관리자','1111');
/*!40000 ALTER TABLE `my_table` ENABLE KEYS */;
UNLOCK TABLES;

--
-- Table structure for table `orders`
--

DROP TABLE IF EXISTS `orders`;
/*!40101 SET @saved_cs_client     = @@character_set_client */;
/*!40101 SET character_set_client = utf8 */;
CREATE TABLE `orders` (
  `idx` int(11) NOT NULL AUTO_INCREMENT,
  `memidx` int(11) DEFAULT NULL,
  `modelidx` int(11) DEFAULT NULL,
  `mobile` char(20) DEFAULT NULL,
  `address` char(100) DEFAULT NULL,
  PRIMARY KEY (`idx`),
  KEY `memidx` (`memidx`),
  KEY `modelidx` (`modelidx`),
  CONSTRAINT `orders_ibfk_1` FOREIGN KEY (`memidx`) REFERENCES `members` (`idx`),
  CONSTRAINT `orders_ibfk_2` FOREIGN KEY (`modelidx`) REFERENCES `models` (`idx`)
) ENGINE=InnoDB AUTO_INCREMENT=5 DEFAULT CHARSET=utf8mb4 COLLATE=utf8mb4_general_ci;
/*!40101 SET character_set_client = @saved_cs_client */;

--
-- Dumping data for table `orders`
--

LOCK TABLES `orders` WRITE;
/*!40000 ALTER TABLE `orders` DISABLE KEYS */;
INSERT INTO `orders` VALUES (1,1,3,'010-6789-0123','서울'),(2,2,7,'010-7890-1234','대전'),(3,5,5,'010-8901-2345','경기'),(4,5,5,'010-1111-2222','제주');
/*!40000 ALTER TABLE `orders` ENABLE KEYS */;
UNLOCK TABLES;

--
-- Temporary table structure for view `test2_v`
--

DROP TABLE IF EXISTS `test2_v`;
/*!50001 DROP VIEW IF EXISTS `test2_v`*/;
SET @saved_cs_client     = @@character_set_client;
SET character_set_client = utf8;
/*!50001 CREATE VIEW `test2_v` AS SELECT
 1 AS `주문번호1`,
  1 AS `주문자이름`,
  1 AS `배송휴대폰`,
  1 AS `제품명`,
  1 AS `색상`,
  1 AS `사이즈` */;
SET character_set_client = @saved_cs_client;

--
-- Table structure for table `test_table`
--

DROP TABLE IF EXISTS `test_table`;
/*!40101 SET @saved_cs_client     = @@character_set_client */;
/*!40101 SET character_set_client = utf8 */;
CREATE TABLE `test_table` (
  `idx` int(11) NOT NULL AUTO_INCREMENT,
  `name` varchar(20) DEFAULT NULL,
  PRIMARY KEY (`idx`),
  KEY `idx_name` (`name`)
) ENGINE=InnoDB AUTO_INCREMENT=3 DEFAULT CHARSET=utf8mb4 COLLATE=utf8mb4_general_ci;
/*!40101 SET character_set_client = @saved_cs_client */;

--
-- Dumping data for table `test_table`
--

LOCK TABLES `test_table` WRITE;
/*!40000 ALTER TABLE `test_table` DISABLE KEYS */;
INSERT INTO `test_table` VALUES (2,'이순신'),(1,'홍길동');
/*!40000 ALTER TABLE `test_table` ENABLE KEYS */;
UNLOCK TABLES;

--
-- Temporary table structure for view `test_v`
--

DROP TABLE IF EXISTS `test_v`;
/*!50001 DROP VIEW IF EXISTS `test_v`*/;
SET @saved_cs_client     = @@character_set_client;
SET character_set_client = utf8;
/*!50001 CREATE VIEW `test_v` AS SELECT
 1 AS `주문번호`,
  1 AS `주문자이름`,
  1 AS `배송휴대폰`,
  1 AS `제품명`,
  1 AS `색상`,
  1 AS `사이즈` */;
SET character_set_client = @saved_cs_client;

--
-- Final view structure for view `test2_v`
--

/*!50001 DROP VIEW IF EXISTS `test2_v`*/;
/*!50001 SET @saved_cs_client          = @@character_set_client */;
/*!50001 SET @saved_cs_results         = @@character_set_results */;
/*!50001 SET @saved_col_connection     = @@collation_connection */;
/*!50001 SET character_set_client      = utf8mb4 */;
/*!50001 SET character_set_results     = utf8mb4 */;
/*!50001 SET collation_connection      = utf8mb4_unicode_ci */;
/*!50001 CREATE ALGORITHM=UNDEFINED */
/*!50013 DEFINER=`root`@`localhost` SQL SECURITY DEFINER */
/*!50001 VIEW `test2_v` AS select `o`.`idx` AS `주문번호1`,`m`.`name` AS `주문자이름`,`o`.`mobile` AS `배송휴대폰`,`model`.`name` AS `제품명`,`model`.`color` AS `색상`,`model`.`size` AS `사이즈` from ((`orders` `o` left join `members` `m` on(`o`.`memidx` = `m`.`idx`)) left join `models` `model` on(`o`.`modelidx` = `model`.`idx`)) */;
/*!50001 SET character_set_client      = @saved_cs_client */;
/*!50001 SET character_set_results     = @saved_cs_results */;
/*!50001 SET collation_connection      = @saved_col_connection */;

--
-- Final view structure for view `test_v`
--

/*!50001 DROP VIEW IF EXISTS `test_v`*/;
/*!50001 SET @saved_cs_client          = @@character_set_client */;
/*!50001 SET @saved_cs_results         = @@character_set_results */;
/*!50001 SET @saved_col_connection     = @@collation_connection */;
/*!50001 SET character_set_client      = utf8mb4 */;
/*!50001 SET character_set_results     = utf8mb4 */;
/*!50001 SET collation_connection      = utf8mb4_unicode_ci */;
/*!50001 CREATE ALGORITHM=UNDEFINED */
/*!50013 DEFINER=`root`@`localhost` SQL SECURITY DEFINER */
/*!50001 VIEW `test_v` AS select `o`.`idx` AS `주문번호`,`m`.`name` AS `주문자이름`,`o`.`mobile` AS `배송휴대폰`,`model`.`name` AS `제품명`,`model`.`color` AS `색상`,`model`.`size` AS `사이즈` from ((`orders` `o` left join `members` `m` on(`o`.`memidx` = `m`.`idx`)) left join `models` `model` on(`o`.`modelidx` = `model`.`idx`)) */;
/*!50001 SET character_set_client      = @saved_cs_client */;
/*!50001 SET character_set_results     = @saved_cs_results */;
/*!50001 SET collation_connection      = @saved_col_connection */;
/*!40103 SET TIME_ZONE=@OLD_TIME_ZONE */;

/*!40101 SET SQL_MODE=@OLD_SQL_MODE */;
/*!40014 SET FOREIGN_KEY_CHECKS=@OLD_FOREIGN_KEY_CHECKS */;
/*!40014 SET UNIQUE_CHECKS=@OLD_UNIQUE_CHECKS */;
/*!40101 SET CHARACTER_SET_CLIENT=@OLD_CHARACTER_SET_CLIENT */;
/*!40101 SET CHARACTER_SET_RESULTS=@OLD_CHARACTER_SET_RESULTS */;
/*!40101 SET COLLATION_CONNECTION=@OLD_COLLATION_CONNECTION */;
/*!40111 SET SQL_NOTES=@OLD_SQL_NOTES */;

-- Dump completed on 2024-08-22 16:06:29
